{
"type": "FeatureCollection",
"name": "region_roads",
"crs": { "type": "name", "properties": { "name": "urn:ogc:def:crs:OGC:1.3:CRS84" } },
"features": [
{ "type": "Feature", "properties": { "u": 2121845829, "v": 2121846380, "key": 0, "osmid": "202203866", "highway": "residential", "oneway": false, "reversed": false, "length": 57.731795123237283, "name": null, "lanes": null, "maxspeed": null, "service": null, "tunnel": null }, "geometry": { "type": "LineString", "coordinates": [ [ 102.8518849, 24.8549135 ], [ 102.8518554, 24.8550449 ], [ 102.8518017, 24.8554269 ] ] } },
{ "type": "Feature", "properties": { "u": 2121845829, "v": 2121845948, "key": 0, "osmid": "202203866", "highway": "residential", "oneway": false, "reversed": true, "length": 110.48336971610544, "name": null, "lanes": null, "maxspeed": null, "service": null, "tunnel": null }, "geometry": { "type": "LineString", "coordinates": [ [ 102.8518849, 24.8549135 ], [ 102.8509492, 24.8546791 ], [ 102.8509223, 24.8546724 ], [ 102.8508283, 24.8546529 ] ] } },
{ "type": "Feature", "properties": { "u": 2121845829, "v": 6865484804, "key": 0, "osmid": "220860822", "highway": "unclassified", "oneway": false, "reversed": false, "length": 185.81233775242117, "name": null, "lanes": null, "maxspeed": null, "service": null, "tunnel": null }, "geometry": { "type": "LineString", "coordinates": [ [ 102.8518849, 24.8549135 ], [ 102.8520214, 24.8546033 ], [ 102.8521966, 24.8540951 ], [ 102.8525876, 24.853373 ] ] } },
{ "type": "Feature", "properties": { "u": 2121845906, "v": 3014050874, "key": 0, "osmid": "297512229", "highway": "unclassified", "oneway": false, "reversed": false, "length": 196.47716636389134, "name": "致知北路", "lanes": null, "maxspeed": null, "service": null, "tunnel": null }, "geometry": { "type": "LineString", "coordinates": [ [ 102.8517634, 24.8563489 ], [ 102.8536475, 24.8567956 ] ] } },
{ "type": "Feature", "properties": { "u": 2121845906, "v": 2121846380, "key": 0, "osmid": "202203866", "highway": "residential", "oneway": false, "reversed": true, "length": 102.73120364046599, "name": null, "lanes": null, "maxspeed": null, "service": null, "tunnel": null }, "geometry": { "type": "LineString", "coordinates": [ [ 102.8517634, 24.8563489 ], [ 102.8517642, 24.8560476 ], [ 102.8517642, 24.8557336 ], [ 102.8518017, 24.8554269 ] ] } },
{ "type": "Feature", "properties": { "u": 2121845906, "v": 10789523358, "key": 0, "osmid": "297512229", "highway": "unclassified", "oneway": false, "reversed": true, "length": 101.1877345618685, "name": "致知北路", "lanes": null, "maxspeed": null, "service": null, "tunnel": null }, "geometry": { "type": "LineString", "coordinates": [ [ 102.8517634, 24.8563489 ], [ 102.8510318, 24.8561754 ], [ 102.8508634, 24.8561474 ], [ 102.8507891, 24.8561351 ] ] } },
{ "type": "Feature", "properties": { "u": 2121845906, "v": 3014050441, "key": 0, "osmid": "297512232", "highway": "unclassified", "oneway": false, "reversed": false, "length": 561.05517819093382, "name": "明德大道北", "lanes": null, "maxspeed": null, "service": null, "tunnel": null }, "geometry": { "type": "LineString", "coordinates": [ [ 102.8517634, 24.8563489 ], [ 102.8517914, 24.8566018 ], [ 102.8518745, 24.8571956 ], [ 102.851955, 24.8574828 ], [ 102.8520297, 24.8577098 ], [ 102.8521102, 24.8579313 ], [ 102.8521933, 24.8581284 ], [ 102.8523976, 24.8584952 ], [ 102.8525374, 24.8587233 ], [ 102.8526601, 24.8589189 ], [ 102.852765, 24.8590598 ], [ 102.852998, 24.8593307 ], [ 102.8534222, 24.859768 ], [ 102.8538701, 24.8601331 ], [ 102.8541785, 24.8603642 ], [ 102.8543743, 24.8604713 ], [ 102.8544759, 24.8605226 ] ] } },
{ "type": "Feature", "properties": { "u": 2121845948, "v": 2121845829, "key": 0, "osmid": "202203866", "highway": "residential", "oneway": false, "reversed": false, "length": 110.48336971610544, "name": null, "lanes": null, "maxspeed": null, "service": null, "tunnel": null }, "geometry": { "type": "LineString", "coordinates": [ [ 102.8508283, 24.8546529 ], [ 102.8509223, 24.8546724 ], [ 102.8509492, 24.8546791 ], [ 102.8518849, 24.8549135 ] ] } },
{ "type": "Feature", "properties": { "u": 2121845948, "v": 10789523358, "key": 0, "osmid": "1491418804", "highway": "tertiary", "oneway": false, "reversed": false, "length": 165.06079790114342, "name": "景明南路", "lanes": "3", "maxspeed": null, "service": null, "tunnel": null }, "geometry": { "type": "LineString", "coordinates": [ [ 102.8508283, 24.8546529 ], [ 102.8508411, 24.8549082 ], [ 102.8508452, 24.8554284 ], [ 102.8508085, 24.8559671 ], [ 102.8507891, 24.8561351 ] ] } },
{ "type": "Feature", "properties": { "u": 2121845948, "v": 13778523873, "key": 0, "osmid": "1491418804", "highway": "tertiary", "oneway": false, "reversed": true, "length": 261.21981162790053, "name": "景明南路", "lanes": "3", "maxspeed": null, "service": null, "tunnel": null }, "geometry": { "type": "LineString", "coordinates": [ [ 102.8508283, 24.8546529 ], [ 102.8508127, 24.8543425 ], [ 102.8507923, 24.8541446 ], [ 102.8507287, 24.8535873 ], [ 102.8506175, 24.8530422 ], [ 102.8504427, 24.8523832 ], [ 102.8504258, 24.8523385 ] ] } },
{ "type": "Feature", "properties": { "u": 2121846380, "v": 6924934530, "key": 0, "osmid": "739585520", "highway": "service", "oneway": false, "reversed": true, "length": 148.4029199220536, "name": null, "lanes": null, "maxspeed": null, "service": null, "tunnel": null }, "geometry": { "type": "LineString", "coordinates": [ [ 102.8518017, 24.8554269 ], [ 102.8532226, 24.8557718 ] ] } },
{ "type": "Feature", "properties": { "u": 2121846380, "v": 2121845906, "key": 0, "osmid": "202203866", "highway": "residential", "oneway": false, "reversed": false, "length": 102.73120364046599, "name": null, "lanes": null, "maxspeed": null, "service": null, "tunnel": null }, "geometry": { "type": "LineString", "coordinates": [ [ 102.8518017, 24.8554269 ], [ 102.8517642, 24.8557336 ], [ 102.8517642, 24.8560476 ], [ 102.8517634, 24.8563489 ] ] } },
{ "type": "Feature", "properties": { "u": 2121846380, "v": 2121845829, "key": 0, "osmid": "202203866", "highway": "residential", "oneway": false, "reversed": true, "length": 57.731795123237283, "name": null, "lanes": null, "maxspeed": null, "service": null, "tunnel": null }, "geometry": { "type": "LineString", "coordinates": [ [ 102.8518017, 24.8554269 ], [ 102.8518554, 24.8550449 ], [ 102.8518849, 24.8549135 ] ] } },
{ "type": "Feature", "properties": { "u": 2121846555, "v": 6990182678, "key": 0, "osmid": "297512231", "highway": "unclassified", "oneway": false, "reversed": false, "length": 221.06338755550692, "name": "樱花大道", "lanes": null, "maxspeed": null, "service": null, "tunnel": null }, "geometry": { "type": "LineString", "coordinates": [ [ 102.8576632, 24.8536978 ], [ 102.8582279, 24.8517769 ] ] } },
{ "type": "Feature", "properties": { "u": 2121846555, "v": 6865484856, "key": 0, "osmid": "297512231", "highway": "unclassified", "oneway": false, "reversed": true, "length": 98.918334097509586, "name": "樱花大道", "lanes": null, "maxspeed": null, "service": null, "tunnel": null }, "geometry": { "type": "LineString", "coordinates": [ [ 102.8576632, 24.8536978 ], [ 102.8574244, 24.8545606 ] ] } },
{ "type": "Feature", "properties": { "u": 2121846555, "v": 6990182670, "key": 0, "osmid": "1160141406", "highway": "unclassified", "oneway": false, "reversed": true, "length": 14.628613522936272, "name": "致知南路", "lanes": null, "maxspeed": null, "service": null, "tunnel": null }, "geometry": { "type": "LineString", "coordinates": [ [ 102.8576632, 24.8536978 ], [ 102.8575235, 24.8536626 ] ] } },
{ "type": "Feature", "properties": { "u": 2121846555, "v": 6990223586, "key": 0, "osmid": "747034425", "highway": "track", "oneway": false, "reversed": false, "length": 166.20425681775663, "name": null, "lanes": null, "maxspeed": null, "service": null, "tunnel": null }, "geometry": { "type": "LineString", "coordinates": [ [ 102.8576632, 24.8536978 ], [ 102.8578711, 24.8537221 ], [ 102.8581286, 24.8535688 ], [ 102.859231, 24.8537927 ] ] } },
{ "type": "Feature", "properties": { "u": 2186670406, "v": 13778523874, "key": 0, "osmid": "1491398482", "highway": "tertiary", "oneway": false, "reversed": false, "length": 201.03448192786072, "name": "景明南路", "lanes": "3", "maxspeed": null, "service": null, "tunnel": null }, "geometry": { "type": "LineString", "coordinates": [ [ 102.8506856, 24.8541414 ], [ 102.850682, 24.854103 ], [ 102.850619, 24.8535907 ], [ 102.8505117, 24.8530626 ], [ 102.8503387, 24.8524103 ], [ 102.8503232, 24.8523665 ] ] } },
{ "type": "Feature", "properties": { "u": 2186670406, "v": 3049561131, "key": 0, "osmid": "1491398482", "highway": "tertiary", "oneway": false, "reversed": true, "length": 220.09619978395273, "name": "景明南路", "lanes": "3", "maxspeed": null, "service": null, "tunnel": null }, "geometry": { "type": "LineString", "coordinates": [ [ 102.8506856, 24.8541414 ], [ 102.8507048, 24.8543488 ], [ 102.850733, 24.854911 ], [ 102.8507397, 24.8554197 ], [ 102.8507008, 24.8559588 ], [ 102.8506825, 24.8561174 ] ] } },
{ "type": "Feature", "properties": { "u": 2299408533, "v": 6866791348, "key": 0, "osmid": "733265123", "highway": "pedestrian", "oneway": false, "reversed": true, "length": 215.4213207503139, "name": null, "lanes": null, "maxspeed": null, "service": null, "tunnel": null }, "geometry": { "type": "LineString", "coordinates": [ [ 102.8592155, 24.84821 ], [ 102.8586926, 24.8500165 ], [ 102.8586787, 24.8500849 ] ] } },
{ "type": "Feature", "properties": { "u": 2299408560, "v": 6990182678, "key": 0, "osmid": "297512231", "highway": "unclassified", "oneway": false, "reversed": true, "length": 81.684455594337507, "name": "樱花大道", "lanes": null, "maxspeed": null, "service": null, "tunnel": null }, "geometry": { "type": "LineString", "coordinates": [ [ 102.8584365, 24.8510671 ], [ 102.8582279, 24.8517769 ] ] } },
{ "type": "Feature", "properties": { "u": 2299408560, "v": 4154222916, "key": 0, "osmid": "297512231", "highway": "unclassified", "oneway": false, "reversed": false, "length": 111.63196723849134, "name": "樱花大道", "lanes": null, "maxspeed": null, "service": null, "tunnel": null }, "geometry": { "type": "LineString", "coordinates": [ [ 102.8584365, 24.8510671 ], [ 102.8586641, 24.8502669 ], [ 102.8586857, 24.8502193 ], [ 102.8587222, 24.8500977 ] ] } },
{ "type": "Feature", "properties": { "u": 2299408560, "v": 6865484842, "key": 0, "osmid": "297685607", "highway": "unclassified", "oneway": false, "reversed": true, "length": 119.42431820859564, "name": "明德大道南", "lanes": null, "maxspeed": null, "service": null, "tunnel": null }, "geometry": { "type": "LineString", "coordinates": [ [ 102.8584365, 24.8510671 ], [ 102.8574689, 24.8508359 ], [ 102.857286, 24.8508299 ] ] } },
{ "type": "Feature", "properties": { "u": 2299408567, "v": 6990223650, "key": 0, "osmid": "297685607", "highway": "unclassified", "oneway": false, "reversed": false, "length": 137.2942439223919, "name": "明德大道南", "lanes": null, "maxspeed": null, "service": null, "tunnel": null }, "geometry": { "type": "LineString", "coordinates": [ [ 102.8531915, 24.8526187 ], [ 102.8542029, 24.8517927 ] ] } },
{ "type": "Feature", "properties": { "u": 2299408567, "v": 9040237943, "key": 0, "osmid": "1160141406", "highway": "unclassified", "oneway": false, "reversed": false, "length": 79.629353112577263, "name": "致知南路", "lanes": null, "maxspeed": null, "service": null, "tunnel": null }, "geometry": { "type": "LineString", "coordinates": [ [ 102.8531915, 24.8526187 ], [ 102.853955, 24.8528 ] ] } },
{ "type": "Feature", "properties": { "u": 2299408567, "v": 6865484804, "key": 0, "osmid": "220860822", "highway": "unclassified", "oneway": false, "reversed": true, "length": 103.7608988807628, "name": null, "lanes": null, "maxspeed": null, "service": null, "tunnel": null }, "geometry": { "type": "LineString", "coordinates": [ [ 102.8531915, 24.8526187 ], [ 102.8527289, 24.8531675 ], [ 102.8525876, 24.853373 ] ] } },
{ "type": "Feature", "properties": { "u": 2299408567, "v": 13778523871, "key": 0, "osmid": [ 220860817, 1160141406 ], "highway": [ "tertiary", "unclassified" ], "oneway": false, "reversed": true, "length": 273.36624347649234, "name": [ "毓秀路", "致知南路" ], "lanes": null, "maxspeed": null, "service": null, "tunnel": null }, "geometry": { "type": "LineString", "coordinates": [ [ 102.8531915, 24.8526187 ], [ 102.8511253, 24.8521449 ], [ 102.8509084, 24.852102 ], [ 102.8508005, 24.8520912 ], [ 102.8507071, 24.8520952 ], [ 102.8506083, 24.8521108 ], [ 102.8505579, 24.852128 ] ] } },
{ "type": "Feature", "properties": { "u": 2859221912, "v": 3014050486, "key": 0, "osmid": "666752398", "highway": "secondary", "oneway": false, "reversed": true, "length": 52.713291223843775, "name": "聚贤街", "lanes": null, "maxspeed": null, "service": null, "tunnel": null }, "geometry": { "type": "LineString", "coordinates": [ [ 102.8540719, 24.8616036 ], [ 102.8545687, 24.8617504 ] ] } },
{ "type": "Feature", "properties": { "u": 2859221912, "v": 5244563989, "key": 0, "osmid": "666752398", "highway": "secondary", "oneway": false, "reversed": false, "length": 460.97999140500741, "name": "聚贤街", "lanes": null, "maxspeed": null, "service": null, "tunnel": null }, "geometry": { "type": "LineString", "coordinates": [ [ 102.8540719, 24.8616036 ], [ 102.8498522, 24.8603152 ], [ 102.8497413, 24.8602817 ] ] } },
{ "type": "Feature", "properties": { "u": 3014050440, "v": 6865484847, "key": 0, "osmid": "297512229", "highway": "unclassified", "oneway": false, "reversed": false, "length": 164.00331179593599, "name": "致知北路", "lanes": null, "maxspeed": null, "service": null, "tunnel": null }, "geometry": { "type": "LineString", "coordinates": [ [ 102.8565507, 24.857484 ], [ 102.8581234, 24.8578569 ] ] } },
{ "type": "Feature", "properties": { "u": 3014050440, "v": 3014050678, "key": 0, "osmid": "297512229", "highway": "unclassified", "oneway": false, "reversed": true, "length": 27.813666605504334, "name": "致知北路", "lanes": null, "maxspeed": null, "service": null, "tunnel": null }, "geometry": { "type": "LineString", "coordinates": [ [ 102.8565507, 24.857484 ], [ 102.856284, 24.8574207 ] ] } },
{ "type": "Feature", "properties": { "u": 3014050440, "v": 3014050686, "key": 0, "osmid": "297512231", "highway": "unclassified", "oneway": false, "reversed": false, "length": 33.52052965870746, "name": "樱花大道", "lanes": null, "maxspeed": null, "service": null, "tunnel": null }, "geometry": { "type": "LineString", "coordinates": [ [ 102.8565507, 24.857484 ], [ 102.8566358, 24.8571926 ] ] } },
{ "type": "Feature", "properties": { "u": 3014050440, "v": 3014050472, "key": 0, "osmid": "297512231", "highway": "unclassified", "oneway": false, "reversed": true, "length": 17.323803110442817, "name": "樱花大道", "lanes": null, "maxspeed": null, "service": null, "tunnel": null }, "geometry": { "type": "LineString", "coordinates": [ [ 102.8565507, 24.857484 ], [ 102.8565059, 24.8576344 ] ] } },
{ "type": "Feature", "properties": { "u": 3014050441, "v": 3014050461, "key": 0, "osmid": "297512230", "highway": "service", "oneway": false, "reversed": false, "length": 87.313106563585137, "name": null, "lanes": null, "maxspeed": null, "service": null, "tunnel": null }, "geometry": { "type": "LineString", "coordinates": [ [ 102.8544759, 24.8605226 ], [ 102.8546776, 24.859759 ] ] } },
{ "type": "Feature", "properties": { "u": 3014050441, "v": 3014050485, "key": 0, "osmid": "297512232", "highway": "unclassified", "oneway": false, "reversed": false, "length": 47.470126409244195, "name": "明德大道北", "lanes": null, "maxspeed": null, "service": null, "tunnel": null }, "geometry": { "type": "LineString", "coordinates": [ [ 102.8544759, 24.8605226 ], [ 102.8546625, 24.8605991 ], [ 102.8549168, 24.8606691 ] ] } },
{ "type": "Feature", "properties": { "u": 3014050441, "v": 2121845906, "key": 0, "osmid": "297512232", "highway": "unclassified", "oneway": false, "reversed": true, "length": 561.05517819093382, "name": "明德大道北", "lanes": null, "maxspeed": null, "service": null, "tunnel": null }, "geometry": { "type": "LineString", "coordinates": [ [ 102.8544759, 24.8605226 ], [ 102.8543743, 24.8604713 ], [ 102.8541785, 24.8603642 ], [ 102.8538701, 24.8601331 ], [ 102.8534222, 24.859768 ], [ 102.852998, 24.8593307 ], [ 102.852765, 24.8590598 ], [ 102.8526601, 24.8589189 ], [ 102.8525374, 24.8587233 ], [ 102.8523976, 24.8584952 ], [ 102.8521933, 24.8581284 ], [ 102.8521102, 24.8579313 ], [ 102.8520297, 24.8577098 ], [ 102.851955, 24.8574828 ], [ 102.8518745, 24.8571956 ], [ 102.8517914, 24.8566018 ], [ 102.8517634, 24.8563489 ] ] } },
{ "type": "Feature", "properties": { "u": 3014050442, "v": 3014050682, "key": 0, "osmid": "297512229", "highway": "unclassified", "oneway": false, "reversed": false, "length": 33.20342741796162, "name": "致知北路", "lanes": null, "maxspeed": null, "service": null, "tunnel": null }, "geometry": { "type": "LineString", "coordinates": [ [ 102.8554147, 24.8572146 ], [ 102.8557331, 24.8572901 ] ] } },
{ "type": "Feature", "properties": { "u": 3014050442, "v": 3014050874, "key": 0, "osmid": "297512229", "highway": "unclassified", "oneway": false, "reversed": true, "length": 184.28647346704579, "name": "致知北路", "lanes": null, "maxspeed": null, "service": null, "tunnel": null }, "geometry": { "type": "LineString", "coordinates": [ [ 102.8554147, 24.8572146 ], [ 102.8536475, 24.8567956 ] ] } },
{ "type": "Feature", "properties": { "u": 3014050442, "v": 3014050451, "key": 0, "osmid": "297512230", "highway": "service", "oneway": false, "reversed": true, "length": 121.26283656869688, "name": null, "lanes": null, "maxspeed": null, "service": null, "tunnel": null }, "geometry": { "type": "LineString", "coordinates": [ [ 102.8554147, 24.8572146 ], [ 102.8551091, 24.8582693 ] ] } },
{ "type": "Feature", "properties": { "u": 3014050442, "v": 3014050693, "key": 0, "osmid": [ 739585530, 739585531 ], "highway": [ "service", "steps" ], "oneway": false, "reversed": false, "length": 19.063768221367177, "name": null, "lanes": null, "maxspeed": null, "service": null, "tunnel": null }, "geometry": { "type": "LineString", "coordinates": [ [ 102.8554147, 24.8572146 ], [ 102.8554429, 24.8570917 ], [ 102.8554439, 24.8570458 ] ] } },
{ "type": "Feature", "properties": { "u": 3014050447, "v": 3014050449, "key": 0, "osmid": "297512230", "highway": "service", "oneway": false, "reversed": false, "length": 57.243686395502728, "name": null, "lanes": null, "maxspeed": null, "service": null, "tunnel": null }, "geometry": { "type": "LineString", "coordinates": [ [ 102.8548032, 24.8593256 ], [ 102.8549474, 24.8588277 ] ] } },
{ "type": "Feature", "properties": { "u": 3014050447, "v": 3014050461, "key": 0, "osmid": "297512230", "highway": "service", "oneway": false, "reversed": true, "length": 49.830151850209326, "name": null, "lanes": null, "maxspeed": null, "service": null, "tunnel": null }, "geometry": { "type": "LineString", "coordinates": [ [ 102.8548032, 24.8593256 ], [ 102.8546776, 24.859759 ] ] } },
{ "type": "Feature", "properties": { "u": 3014050447, "v": 3014050466, "key": 0, "osmid": "297512236", "highway": "pedestrian", "oneway": false, "reversed": false, "length": 12.533809784126738, "name": null, "lanes": null, "maxspeed": "30", "service": null, "tunnel": null }, "geometry": { "type": "LineString", "coordinates": [ [ 102.8548032, 24.8593256 ], [ 102.8549231, 24.8593551 ] ] } },
{ "type": "Feature", "properties": { "u": 3014050448, "v": 3014050450, "key": 0, "osmid": "297512231", "highway": "unclassified", "oneway": false, "reversed": false, "length": 60.025317119096727, "name": "樱花大道", "lanes": null, "maxspeed": null, "service": null, "tunnel": null }, "geometry": { "type": "LineString", "coordinates": [ [ 102.8559475, 24.8596084 ], [ 102.8560803, 24.8590822 ] ] } },
{ "type": "Feature", "properties": { "u": 3014050448, "v": 3014050460, "key": 0, "osmid": "297512231", "highway": "unclassified", "oneway": false, "reversed": true, "length": 49.7717568364491, "name": "樱花大道", "lanes": null, "maxspeed": null, "service": null, "tunnel": null }, "geometry": { "type": "LineString", "coordinates": [ [ 102.8559475, 24.8596084 ], [ 102.8558225, 24.8600414 ] ] } },
{ "type": "Feature", "properties": { "u": 3014050448, "v": 3014050473, "key": 0, "osmid": "297512236", "highway": "pedestrian", "oneway": false, "reversed": true, "length": 21.292720672669159, "name": null, "lanes": null, "maxspeed": "30", "service": null, "tunnel": null }, "geometry": { "type": "LineString", "coordinates": [ [ 102.8559475, 24.8596084 ], [ 102.8557442, 24.859557 ] ] } },
{ "type": "Feature", "properties": { "u": 3014050448, "v": 6957364927, "key": 0, "osmid": "733145932", "highway": "service", "oneway": false, "reversed": false, "length": 167.40220784678692, "name": null, "lanes": null, "maxspeed": null, "service": null, "tunnel": null }, "geometry": { "type": "LineString", "coordinates": [ [ 102.8559475, 24.8596084 ], [ 102.8575517, 24.8599929 ] ] } },
{ "type": "Feature", "properties": { "u": 3014050449, "v": 3014050451, "key": 0, "osmid": "297512230", "highway": "service", "oneway": false, "reversed": false, "length": 64.198845350970544, "name": null, "lanes": null, "maxspeed": null, "service": null, "tunnel": null }, "geometry": { "type": "LineString", "coordinates": [ [ 102.8549474, 24.8588277 ], [ 102.8551091, 24.8582693 ] ] } },
{ "type": "Feature", "properties": { "u": 3014050449, "v": 3014050447, "key": 0, "osmid": "297512230", "highway": "service", "oneway": false, "reversed": true, "length": 57.243686395502728, "name": null, "lanes": null, "maxspeed": null, "service": null, "tunnel": null }, "geometry": { "type": "LineString", "coordinates": [ [ 102.8549474, 24.8588277 ], [ 102.8548032, 24.8593256 ] ] } },
{ "type": "Feature", "properties": { "u": 3014050449, "v": 3014050467, "key": 0, "osmid": "297512237", "highway": "service", "oneway": false, "reversed": false, "length": 37.170265786986135, "name": null, "lanes": null, "maxspeed": null, "service": null, "tunnel": null }, "geometry": { "type": "LineString", "coordinates": [ [ 102.8549474, 24.8588277 ], [ 102.855305, 24.8589081 ] ] } },
{ "type": "Feature", "properties": { "u": 3014050449, "v": 3014050874, "key": 0, "osmid": "739585519", "highway": "service", "oneway": false, "reversed": false, "length": 284.30716223440743, "name": null, "lanes": null, "maxspeed": null, "service": null, "tunnel": null }, "geometry": { "type": "LineString", "coordinates": [ [ 102.8549474, 24.8588277 ], [ 102.8545626, 24.8587289 ], [ 102.8541302, 24.858066 ], [ 102.8540239, 24.8579011 ], [ 102.8535496, 24.8571653 ], [ 102.8536475, 24.8567956 ] ] } },
{ "type": "Feature", "properties": { "u": 3014050450, "v": 3014050452, "key": 0, "osmid": "297512231", "highway": "unclassified", "oneway": false, "reversed": false, "length": 62.398077411555782, "name": "樱花大道", "lanes": null, "maxspeed": null, "service": null, "tunnel": null }, "geometry": { "type": "LineString", "coordinates": [ [ 102.8560803, 24.8590822 ], [ 102.8562397, 24.85854 ] ] } },
{ "type": "Feature", "properties": { "u": 3014050450, "v": 3014050448, "key": 0, "osmid": "297512231", "highway": "unclassified", "oneway": false, "reversed": true, "length": 60.025317119096727, "name": "樱花大道", "lanes": null, "maxspeed": null, "service": null, "tunnel": null }, "geometry": { "type": "LineString", "coordinates": [ [ 102.8560803, 24.8590822 ], [ 102.8559475, 24.8596084 ] ] } },
{ "type": "Feature", "properties": { "u": 3014050450, "v": 3014050474, "key": 0, "osmid": "297512237", "highway": "service", "oneway": false, "reversed": true, "length": 36.611082874043106, "name": null, "lanes": null, "maxspeed": null, "service": null, "tunnel": null }, "geometry": { "type": "LineString", "coordinates": [ [ 102.8560803, 24.8590822 ], [ 102.855728, 24.8590033 ] ] } },
{ "type": "Feature", "properties": { "u": 3014050451, "v": 3014050442, "key": 0, "osmid": "297512230", "highway": "service", "oneway": false, "reversed": false, "length": 121.26283656869688, "name": null, "lanes": null, "maxspeed": null, "service": null, "tunnel": null }, "geometry": { "type": "LineString", "coordinates": [ [ 102.8551091, 24.8582693 ], [ 102.8554147, 24.8572146 ] ] } },
{ "type": "Feature", "properties": { "u": 3014050451, "v": 3014050449, "key": 0, "osmid": "297512230", "highway": "service", "oneway": false, "reversed": true, "length": 64.198845350970544, "name": null, "lanes": null, "maxspeed": null, "service": null, "tunnel": null }, "geometry": { "type": "LineString", "coordinates": [ [ 102.8551091, 24.8582693 ], [ 102.8549474, 24.8588277 ] ] } },
{ "type": "Feature", "properties": { "u": 3014050451, "v": 3014050468, "key": 0, "osmid": "297512238", "highway": "service", "oneway": false, "reversed": false, "length": 54.520944060980653, "name": null, "lanes": null, "maxspeed": null, "service": null, "tunnel": null }, "geometry": { "type": "LineString", "coordinates": [ [ 102.8551091, 24.8582693 ], [ 102.8556316, 24.8583944 ] ] } },
{ "type": "Feature", "properties": { "u": 3014050452, "v": 3014050472, "key": 0, "osmid": "297512231", "highway": "unclassified", "oneway": false, "reversed": false, "length": 104.21841909288642, "name": "樱花大道", "lanes": null, "maxspeed": null, "service": null, "tunnel": null }, "geometry": { "type": "LineString", "coordinates": [ [ 102.8562397, 24.85854 ], [ 102.8565059, 24.8576344 ] ] } },
{ "type": "Feature", "properties": { "u": 3014050452, "v": 3014050450, "key": 0, "osmid": "297512231", "highway": "unclassified", "oneway": false, "reversed": true, "length": 62.398077411555782, "name": "樱花大道", "lanes": null, "maxspeed": null, "service": null, "tunnel": null }, "geometry": { "type": "LineString", "coordinates": [ [ 102.8562397, 24.85854 ], [ 102.8560803, 24.8590822 ] ] } },
{ "type": "Feature", "properties": { "u": 3014050452, "v": 3014050468, "key": 0, "osmid": "297512238", "highway": "service", "oneway": false, "reversed": true, "length": 63.45306885663296, "name": null, "lanes": null, "maxspeed": null, "service": null, "tunnel": null }, "geometry": { "type": "LineString", "coordinates": [ [ 102.8562397, 24.85854 ], [ 102.8556316, 24.8583944 ] ] } },
{ "type": "Feature", "properties": { "u": 3014050452, "v": 6957364926, "key": 0, "osmid": "743274810", "highway": "pedestrian", "oneway": false, "reversed": false, "length": 166.86647255008344, "name": null, "lanes": null, "maxspeed": null, "service": null, "tunnel": null }, "geometry": { "type": "LineString", "coordinates": [ [ 102.8562397, 24.85854 ], [ 102.8578318, 24.8589464 ] ] } },
{ "type": "Feature", "properties": { "u": 3014050453, "v": 3014050473, "key": 0, "osmid": "297512236", "highway": "pedestrian", "oneway": false, "reversed": false, "length": 41.153685301583053, "name": null, "lanes": null, "maxspeed": "30", "service": null, "tunnel": null }, "geometry": { "type": "LineString", "coordinates": [ [ 102.8553505, 24.8594602 ], [ 102.8557442, 24.859557 ] ] } },
{ "type": "Feature", "properties": { "u": 3014050453, "v": 3014050466, "key": 0, "osmid": "297512236", "highway": "pedestrian", "oneway": false, "reversed": true, "length": 44.676809485487404, "name": null, "lanes": null, "maxspeed": "30", "service": null, "tunnel": null }, "geometry": { "type": "LineString", "coordinates": [ [ 102.8553505, 24.8594602 ], [ 102.8549231, 24.8593551 ] ] } },
{ "type": "Feature", "properties": { "u": 3014050453, "v": 3014050465, "key": 0, "osmid": "297512239", "highway": "path", "oneway": false, "reversed": false, "length": 43.321632113281687, "name": null, "lanes": null, "maxspeed": null, "service": null, "tunnel": null }, "geometry": { "type": "LineString", "coordinates": [ [ 102.8553505, 24.8594602 ], [ 102.8551995, 24.85966 ], [ 102.8551426, 24.8597411 ], [ 102.8551739, 24.8597837 ] ] } },
{ "type": "Feature", "properties": { "u": 3014050457, "v": 3014050458, "key": 0, "osmid": "297512239", "highway": "path", "oneway": false, "reversed": false, "length": 22.973015472657913, "name": null, "lanes": null, "maxspeed": null, "service": null, "tunnel": null }, "geometry": { "type": "LineString", "coordinates": [ [ 102.8552564, 24.8598813 ], [ 102.8554841, 24.8598813 ] ] } },
{ "type": "Feature", "properties": { "u": 3014050457, "v": 3014050458, "key": 1, "osmid": "739797179", "highway": "path", "oneway": false, "reversed": true, "length": 174.49856545505617, "name": null, "lanes": null, "maxspeed": null, "service": null, "tunnel": null }, "geometry": { "type": "LineString", "coordinates": [ [ 102.8552564, 24.8598813 ], [ 102.8551613, 24.859994 ], [ 102.8550741, 24.8600561 ], [ 102.8550151, 24.8601315 ], [ 102.8549883, 24.8602727 ], [ 102.8550312, 24.8603822 ], [ 102.8551452, 24.8604576 ], [ 102.8552337, 24.8604929 ], [ 102.8553598, 24.8604637 ], [ 102.8554644, 24.8603591 ], [ 102.8555314, 24.8602471 ], [ 102.8555287, 24.860095 ], [ 102.8554885, 24.8599952 ], [ 102.8554841, 24.8598813 ] ] } },
{ "type": "Feature", "properties": { "u": 3014050457, "v": 3014050465, "key": 0, "osmid": "297512239", "highway": "path", "oneway": false, "reversed": true, "length": 13.701493835892933, "name": null, "lanes": null, "maxspeed": null, "service": null, "tunnel": null }, "geometry": { "type": "LineString", "coordinates": [ [ 102.8552564, 24.8598813 ], [ 102.8552077, 24.8598297 ], [ 102.8551739, 24.8597837 ] ] } },
{ "type": "Feature", "properties": { "u": 3014050458, "v": 3014050457, "key": 0, "osmid": "297512239", "highway": "path", "oneway": false, "reversed": true, "length": 22.973015472657913, "name": null, "lanes": null, "maxspeed": null, "service": null, "tunnel": null }, "geometry": { "type": "LineString", "coordinates": [ [ 102.8554841, 24.8598813 ], [ 102.8552564, 24.8598813 ] ] } },
{ "type": "Feature", "properties": { "u": 3014050458, "v": 3014050457, "key": 1, "osmid": "739797179", "highway": "path", "oneway": false, "reversed": false, "length": 174.49856545505617, "name": null, "lanes": null, "maxspeed": null, "service": null, "tunnel": null }, "geometry": { "type": "LineString", "coordinates": [ [ 102.8554841, 24.8598813 ], [ 102.8554885, 24.8599952 ], [ 102.8555287, 24.860095 ], [ 102.8555314, 24.8602471 ], [ 102.8554644, 24.8603591 ], [ 102.8553598, 24.8604637 ], [ 102.8552337, 24.8604929 ], [ 102.8551452, 24.8604576 ], [ 102.8550312, 24.8603822 ], [ 102.8549883, 24.8602727 ], [ 102.8550151, 24.8601315 ], [ 102.8550741, 24.8600561 ], [ 102.8551613, 24.859994 ], [ 102.8552564, 24.8598813 ] ] } },
{ "type": "Feature", "properties": { "u": 3014050458, "v": 3014050460, "key": 0, "osmid": "297512239", "highway": "path", "oneway": false, "reversed": false, "length": 38.509212685310246, "name": null, "lanes": null, "maxspeed": null, "service": null, "tunnel": null }, "geometry": { "type": "LineString", "coordinates": [ [ 102.8554841, 24.8598813 ], [ 102.8556467, 24.8599551 ], [ 102.8558225, 24.8600414 ] ] } },
{ "type": "Feature", "properties": { "u": 3014050460, "v": 3014050448, "key": 0, "osmid": "297512231", "highway": "unclassified", "oneway": false, "reversed": false, "length": 49.7717568364491, "name": "樱花大道", "lanes": null, "maxspeed": null, "service": null, "tunnel": null }, "geometry": { "type": "LineString", "coordinates": [ [ 102.8558225, 24.8600414 ], [ 102.8559475, 24.8596084 ] ] } },
{ "type": "Feature", "properties": { "u": 3014050460, "v": 3014050484, "key": 0, "osmid": [ 297512232, 297512231 ], "highway": "unclassified", "oneway": false, "reversed": true, "length": 129.70792582732375, "name": [ "樱花大道", "明德大道北" ], "lanes": null, "maxspeed": null, "service": null, "tunnel": null }, "geometry": { "type": "LineString", "coordinates": [ [ 102.8558225, 24.8600414 ], [ 102.8556843, 24.8606415 ], [ 102.8556606, 24.860727 ], [ 102.855624, 24.86078 ], [ 102.8555733, 24.8608037 ], [ 102.8555023, 24.8608054 ], [ 102.8551955, 24.8607375 ] ] } },
{ "type": "Feature", "properties": { "u": 3014050460, "v": 3014050458, "key": 0, "osmid": "297512239", "highway": "path", "oneway": false, "reversed": true, "length": 38.509212685310246, "name": null, "lanes": null, "maxspeed": null, "service": null, "tunnel": null }, "geometry": { "type": "LineString", "coordinates": [ [ 102.8558225, 24.8600414 ], [ 102.8556467, 24.8599551 ], [ 102.8554841, 24.8598813 ] ] } },
{ "type": "Feature", "properties": { "u": 3014050461, "v": 3014050447, "key": 0, "osmid": "297512230", "highway": "service", "oneway": false, "reversed": false, "length": 49.830151850209326, "name": null, "lanes": null, "maxspeed": null, "service": null, "tunnel": null }, "geometry": { "type": "LineString", "coordinates": [ [ 102.8546776, 24.859759 ], [ 102.8548032, 24.8593256 ] ] } },
{ "type": "Feature", "properties": { "u": 3014050461, "v": 3014050441, "key": 0, "osmid": "297512230", "highway": "service", "oneway": false, "reversed": true, "length": 87.313106563585137, "name": null, "lanes": null, "maxspeed": null, "service": null, "tunnel": null }, "geometry": { "type": "LineString", "coordinates": [ [ 102.8546776, 24.859759 ], [ 102.8544759, 24.8605226 ] ] } },
{ "type": "Feature", "properties": { "u": 3014050461, "v": 3014050465, "key": 0, "osmid": "297512240", "highway": "path", "oneway": false, "reversed": false, "length": 52.816050667959757, "name": null, "lanes": null, "maxspeed": null, "service": null, "tunnel": null }, "geometry": { "type": "LineString", "coordinates": [ [ 102.8546776, 24.859759 ], [ 102.8548092, 24.859778 ], [ 102.8549231, 24.859837 ], [ 102.8550532, 24.8598223 ], [ 102.8551739, 24.8597837 ] ] } },
{ "type": "Feature", "properties": { "u": 3014050465, "v": 3014050457, "key": 0, "osmid": "297512239", "highway": "path", "oneway": false, "reversed": false, "length": 13.701493835892933, "name": null, "lanes": null, "maxspeed": null, "service": null, "tunnel": null }, "geometry": { "type": "LineString", "coordinates": [ [ 102.8551739, 24.8597837 ], [ 102.8552077, 24.8598297 ], [ 102.8552564, 24.8598813 ] ] } },
{ "type": "Feature", "properties": { "u": 3014050465, "v": 3014050453, "key": 0, "osmid": "297512239", "highway": "path", "oneway": false, "reversed": true, "length": 43.321632113281687, "name": null, "lanes": null, "maxspeed": null, "service": null, "tunnel": null }, "geometry": { "type": "LineString", "coordinates": [ [ 102.8551739, 24.8597837 ], [ 102.8551426, 24.8597411 ], [ 102.8551995, 24.85966 ], [ 102.8553505, 24.8594602 ] ] } },
{ "type": "Feature", "properties": { "u": 3014050465, "v": 3014050461, "key": 0, "osmid": "297512240", "highway": "path", "oneway": false, "reversed": true, "length": 52.816050667959757, "name": null, "lanes": null, "maxspeed": null, "service": null, "tunnel": null }, "geometry": { "type": "LineString", "coordinates": [ [ 102.8551739, 24.8597837 ], [ 102.8550532, 24.8598223 ], [ 102.8549231, 24.859837 ], [ 102.8548092, 24.859778 ], [ 102.8546776, 24.859759 ] ] } },
{ "type": "Feature", "properties": { "u": 3014050466, "v": 3014050453, "key": 0, "osmid": "297512236", "highway": "pedestrian", "oneway": false, "reversed": false, "length": 44.676809485487404, "name": null, "lanes": null, "maxspeed": "30", "service": null, "tunnel": null }, "geometry": { "type": "LineString", "coordinates": [ [ 102.8549231, 24.8593551 ], [ 102.8553505, 24.8594602 ] ] } },
{ "type": "Feature", "properties": { "u": 3014050466, "v": 3014050447, "key": 0, "osmid": "297512236", "highway": "pedestrian", "oneway": false, "reversed": true, "length": 12.533809784126738, "name": null, "lanes": null, "maxspeed": "30", "service": null, "tunnel": null }, "geometry": { "type": "LineString", "coordinates": [ [ 102.8549231, 24.8593551 ], [ 102.8548032, 24.8593256 ] ] } },
{ "type": "Feature", "properties": { "u": 3014050466, "v": 3014050467, "key": 0, "osmid": "297512241", "highway": "path", "oneway": false, "reversed": false, "length": 62.889785244483775, "name": null, "lanes": null, "maxspeed": null, "service": null, "tunnel": null }, "geometry": { "type": "LineString", "coordinates": [ [ 102.8549231, 24.8593551 ], [ 102.855305, 24.8589081 ] ] } },
{ "type": "Feature", "properties": { "u": 3014050467, "v": 3014050474, "key": 0, "osmid": "297512237", "highway": "service", "oneway": false, "reversed": false, "length": 43.970722071584248, "name": null, "lanes": null, "maxspeed": null, "service": null, "tunnel": null }, "geometry": { "type": "LineString", "coordinates": [ [ 102.855305, 24.8589081 ], [ 102.855728, 24.8590033 ] ] } },
{ "type": "Feature", "properties": { "u": 3014050467, "v": 3014050449, "key": 0, "osmid": "297512237", "highway": "service", "oneway": false, "reversed": true, "length": 37.170265786986135, "name": null, "lanes": null, "maxspeed": null, "service": null, "tunnel": null }, "geometry": { "type": "LineString", "coordinates": [ [ 102.855305, 24.8589081 ], [ 102.8549474, 24.8588277 ] ] } },
{ "type": "Feature", "properties": { "u": 3014050467, "v": 3014050468, "key": 0, "osmid": "297512241", "highway": "path", "oneway": false, "reversed": false, "length": 65.943928110745077, "name": null, "lanes": null, "maxspeed": null, "service": null, "tunnel": null }, "geometry": { "type": "LineString", "coordinates": [ [ 102.855305, 24.8589081 ], [ 102.8556316, 24.8583944 ] ] } },
{ "type": "Feature", "properties": { "u": 3014050467, "v": 3014050466, "key": 0, "osmid": "297512241", "highway": "path", "oneway": false, "reversed": true, "length": 62.889785244483775, "name": null, "lanes": null, "maxspeed": null, "service": null, "tunnel": null }, "geometry": { "type": "LineString", "coordinates": [ [ 102.855305, 24.8589081 ], [ 102.8549231, 24.8593551 ] ] } },
{ "type": "Feature", "properties": { "u": 3014050468, "v": 3014050452, "key": 0, "osmid": "297512238", "highway": "service", "oneway": false, "reversed": false, "length": 63.45306885663296, "name": null, "lanes": null, "maxspeed": null, "service": null, "tunnel": null }, "geometry": { "type": "LineString", "coordinates": [ [ 102.8556316, 24.8583944 ], [ 102.8562397, 24.85854 ] ] } },
{ "type": "Feature", "properties": { "u": 3014050468, "v": 3014050451, "key": 0, "osmid": "297512238", "highway": "service", "oneway": false, "reversed": true, "length": 54.520944060980653, "name": null, "lanes": null, "maxspeed": null, "service": null, "tunnel": null }, "geometry": { "type": "LineString", "coordinates": [ [ 102.8556316, 24.8583944 ], [ 102.8551091, 24.8582693 ] ] } },
{ "type": "Feature", "properties": { "u": 3014050468, "v": 3014050467, "key": 0, "osmid": "297512241", "highway": "path", "oneway": false, "reversed": true, "length": 65.943928110745077, "name": null, "lanes": null, "maxspeed": null, "service": null, "tunnel": null }, "geometry": { "type": "LineString", "coordinates": [ [ 102.8556316, 24.8583944 ], [ 102.855305, 24.8589081 ] ] } },
{ "type": "Feature", "properties": { "u": 3014050468, "v": 3014050474, "key": 0, "osmid": "297512242", "highway": "path", "oneway": false, "reversed": true, "length": 68.401690738668904, "name": null, "lanes": null, "maxspeed": null, "service": null, "tunnel": null }, "geometry": { "type": "LineString", "coordinates": [ [ 102.8556316, 24.8583944 ], [ 102.855728, 24.8590033 ] ] } },
{ "type": "Feature", "properties": { "u": 3014050468, "v": 3014050472, "key": 0, "osmid": "297512241", "highway": "path", "oneway": false, "reversed": false, "length": 128.337963313194, "name": null, "lanes": null, "maxspeed": null, "service": null, "tunnel": null }, "geometry": { "type": "LineString", "coordinates": [ [ 102.8556316, 24.8583944 ], [ 102.8559069, 24.8581328 ], [ 102.8562322, 24.8578377 ], [ 102.8563622, 24.8576238 ], [ 102.8565059, 24.8576344 ] ] } },
{ "type": "Feature", "properties": { "u": 3014050472, "v": 3014050440, "key": 0, "osmid": "297512231", "highway": "unclassified", "oneway": false, "reversed": false, "length": 17.323803110442817, "name": "樱花大道", "lanes": null, "maxspeed": null, "service": null, "tunnel": null }, "geometry": { "type": "LineString", "coordinates": [ [ 102.8565059, 24.8576344 ], [ 102.8565507, 24.857484 ] ] } },
{ "type": "Feature", "properties": { "u": 3014050472, "v": 3014050452, "key": 0, "osmid": "297512231", "highway": "unclassified", "oneway": false, "reversed": true, "length": 104.21841909288642, "name": "樱花大道", "lanes": null, "maxspeed": null, "service": null, "tunnel": null }, "geometry": { "type": "LineString", "coordinates": [ [ 102.8565059, 24.8576344 ], [ 102.8562397, 24.85854 ] ] } },
{ "type": "Feature", "properties": { "u": 3014050472, "v": 3014050468, "key": 0, "osmid": "297512241", "highway": "path", "oneway": false, "reversed": true, "length": 128.337963313194, "name": null, "lanes": null, "maxspeed": null, "service": null, "tunnel": null }, "geometry": { "type": "LineString", "coordinates": [ [ 102.8565059, 24.8576344 ], [ 102.8563622, 24.8576238 ], [ 102.8562322, 24.8578377 ], [ 102.8559069, 24.8581328 ], [ 102.8556316, 24.8583944 ] ] } },
{ "type": "Feature", "properties": { "u": 3014050473, "v": 3014050448, "key": 0, "osmid": "297512236", "highway": "pedestrian", "oneway": false, "reversed": false, "length": 21.292720672669159, "name": null, "lanes": null, "maxspeed": "30", "service": null, "tunnel": null }, "geometry": { "type": "LineString", "coordinates": [ [ 102.8557442, 24.859557 ], [ 102.8559475, 24.8596084 ] ] } },
{ "type": "Feature", "properties": { "u": 3014050473, "v": 3014050453, "key": 0, "osmid": "297512236", "highway": "pedestrian", "oneway": false, "reversed": true, "length": 41.153685301583053, "name": null, "lanes": null, "maxspeed": "30", "service": null, "tunnel": null }, "geometry": { "type": "LineString", "coordinates": [ [ 102.8557442, 24.859557 ], [ 102.8553505, 24.8594602 ] ] } },
{ "type": "Feature", "properties": { "u": 3014050473, "v": 3014050474, "key": 0, "osmid": "297512242", "highway": "path", "oneway": false, "reversed": false, "length": 61.590408759373581, "name": null, "lanes": null, "maxspeed": null, "service": null, "tunnel": null }, "geometry": { "type": "LineString", "coordinates": [ [ 102.8557442, 24.859557 ], [ 102.855728, 24.8590033 ] ] } },
{ "type": "Feature", "properties": { "u": 3014050474, "v": 3014050450, "key": 0, "osmid": "297512237", "highway": "service", "oneway": false, "reversed": false, "length": 36.611082874043106, "name": null, "lanes": null, "maxspeed": null, "service": null, "tunnel": null }, "geometry": { "type": "LineString", "coordinates": [ [ 102.855728, 24.8590033 ], [ 102.8560803, 24.8590822 ] ] } },
{ "type": "Feature", "properties": { "u": 3014050474, "v": 3014050467, "key": 0, "osmid": "297512237", "highway": "service", "oneway": false, "reversed": true, "length": 43.970722071584248, "name": null, "lanes": null, "maxspeed": null, "service": null, "tunnel": null }, "geometry": { "type": "LineString", "coordinates": [ [ 102.855728, 24.8590033 ], [ 102.855305, 24.8589081 ] ] } },
{ "type": "Feature", "properties": { "u": 3014050474, "v": 3014050468, "key": 0, "osmid": "297512242", "highway": "path", "oneway": false, "reversed": false, "length": 68.401690738668904, "name": null, "lanes": null, "maxspeed": null, "service": null, "tunnel": null }, "geometry": { "type": "LineString", "coordinates": [ [ 102.855728, 24.8590033 ], [ 102.8556316, 24.8583944 ] ] } },
{ "type": "Feature", "properties": { "u": 3014050474, "v": 3014050473, "key": 0, "osmid": "297512242", "highway": "path", "oneway": false, "reversed": true, "length": 61.590408759373581, "name": null, "lanes": null, "maxspeed": null, "service": null, "tunnel": null }, "geometry": { "type": "LineString", "coordinates": [ [ 102.855728, 24.8590033 ], [ 102.8557442, 24.859557 ] ] } },
{ "type": "Feature", "properties": { "u": 3014050484, "v": 3014050485, "key": 0, "osmid": "297512232", "highway": "unclassified", "oneway": false, "reversed": true, "length": 29.128785044412748, "name": "明德大道北", "lanes": null, "maxspeed": null, "service": null, "tunnel": null }, "geometry": { "type": "LineString", "coordinates": [ [ 102.8551955, 24.8607375 ], [ 102.8549168, 24.8606691 ] ] } },
{ "type": "Feature", "properties": { "u": 3014050484, "v": 3014050460, "key": 0, "osmid": [ 297512232, 297512231 ], "highway": "unclassified", "oneway": false, "reversed": false, "length": 129.70792582732375, "name": [ "樱花大道", "明德大道北" ], "lanes": null, "maxspeed": null, "service": null, "tunnel": null }, "geometry": { "type": "LineString", "coordinates": [ [ 102.8551955, 24.8607375 ], [ 102.8555023, 24.8608054 ], [ 102.8555733, 24.8608037 ], [ 102.855624, 24.86078 ], [ 102.8556606, 24.860727 ], [ 102.8556843, 24.8606415 ], [ 102.8558225, 24.8600414 ] ] } },
{ "type": "Feature", "properties": { "u": 3014050484, "v": 6242640684, "key": 0, "osmid": "297512245", "highway": "service", "oneway": false, "reversed": false, "length": 110.56540491114963, "name": null, "lanes": null, "maxspeed": null, "service": null, "tunnel": null }, "geometry": { "type": "LineString", "coordinates": [ [ 102.8551955, 24.8607375 ], [ 102.8549587, 24.861524 ], [ 102.8549346, 24.8616001 ], [ 102.8549068, 24.8616967 ] ] } },
{ "type": "Feature", "properties": { "u": 3014050485, "v": 3014050484, "key": 0, "osmid": "297512232", "highway": "unclassified", "oneway": false, "reversed": false, "length": 29.128785044412748, "name": "明德大道北", "lanes": null, "maxspeed": null, "service": null, "tunnel": null }, "geometry": { "type": "LineString", "coordinates": [ [ 102.8549168, 24.8606691 ], [ 102.8551955, 24.8607375 ] ] } },
{ "type": "Feature", "properties": { "u": 3014050485, "v": 3014050441, "key": 0, "osmid": "297512232", "highway": "unclassified", "oneway": false, "reversed": true, "length": 47.470126409244195, "name": "明德大道北", "lanes": null, "maxspeed": null, "service": null, "tunnel": null }, "geometry": { "type": "LineString", "coordinates": [ [ 102.8549168, 24.8606691 ], [ 102.8546625, 24.8605991 ], [ 102.8544759, 24.8605226 ] ] } },
{ "type": "Feature", "properties": { "u": 3014050485, "v": 6242640683, "key": 0, "osmid": "297512246", "highway": "service", "oneway": false, "reversed": true, "length": 108.57962492710713, "name": null, "lanes": null, "maxspeed": null, "service": null, "tunnel": null }, "geometry": { "type": "LineString", "coordinates": [ [ 102.8549168, 24.8606691 ], [ 102.8546668, 24.8614376 ], [ 102.8546409, 24.86151 ], [ 102.8546122, 24.8616056 ] ] } },
{ "type": "Feature", "properties": { "u": 3014050486, "v": 6242640683, "key": 0, "osmid": "297512246", "highway": "service", "oneway": false, "reversed": false, "length": 16.68845763084914, "name": null, "lanes": null, "maxspeed": null, "service": null, "tunnel": null }, "geometry": { "type": "LineString", "coordinates": [ [ 102.8545687, 24.8617504 ], [ 102.8546122, 24.8616056 ] ] } },
{ "type": "Feature", "properties": { "u": 3014050486, "v": 2859221912, "key": 0, "osmid": "666752398", "highway": "secondary", "oneway": false, "reversed": false, "length": 52.713291223843775, "name": "聚贤街", "lanes": null, "maxspeed": null, "service": null, "tunnel": null }, "geometry": { "type": "LineString", "coordinates": [ [ 102.8545687, 24.8617504 ], [ 102.8540719, 24.8616036 ] ] } },
{ "type": "Feature", "properties": { "u": 3014050678, "v": 3014050440, "key": 0, "osmid": "297512229", "highway": "unclassified", "oneway": false, "reversed": false, "length": 27.813666605504334, "name": "致知北路", "lanes": null, "maxspeed": null, "service": null, "tunnel": null }, "geometry": { "type": "LineString", "coordinates": [ [ 102.856284, 24.8574207 ], [ 102.8565507, 24.857484 ] ] } },
{ "type": "Feature", "properties": { "u": 3014050678, "v": 3014050682, "key": 0, "osmid": "297512229", "highway": "unclassified", "oneway": false, "reversed": true, "length": 57.448100850057891, "name": "致知北路", "lanes": null, "maxspeed": null, "service": null, "tunnel": null }, "geometry": { "type": "LineString", "coordinates": [ [ 102.856284, 24.8574207 ], [ 102.8557331, 24.8572901 ] ] } },
{ "type": "Feature", "properties": { "u": 3014050678, "v": 3014050680, "key": 0, "osmid": "297512261", "highway": "path", "oneway": false, "reversed": false, "length": 59.293247635199741, "name": null, "lanes": null, "maxspeed": null, "service": null, "tunnel": null }, "geometry": { "type": "LineString", "coordinates": [ [ 102.856284, 24.8574207 ], [ 102.8561981, 24.8570864 ], [ 102.856044, 24.8569578 ] ] } },
{ "type": "Feature", "properties": { "u": 3014050680, "v": 3014050682, "key": 0, "osmid": "297512261", "highway": "path", "oneway": false, "reversed": false, "length": 53.255554816589509, "name": null, "lanes": null, "maxspeed": null, "service": null, "tunnel": null }, "geometry": { "type": "LineString", "coordinates": [ [ 102.856044, 24.8569578 ], [ 102.8558469, 24.8570193 ], [ 102.8557331, 24.8572901 ] ] } },
{ "type": "Feature", "properties": { "u": 3014050680, "v": 3014050678, "key": 0, "osmid": "297512261", "highway": "path", "oneway": false, "reversed": true, "length": 59.293247635199741, "name": null, "lanes": null, "maxspeed": null, "service": null, "tunnel": null }, "geometry": { "type": "LineString", "coordinates": [ [ 102.856044, 24.8569578 ], [ 102.8561981, 24.8570864 ], [ 102.856284, 24.8574207 ] ] } },
{ "type": "Feature", "properties": { "u": 3014050680, "v": 3733236468, "key": 0, "osmid": "297512262", "highway": "path", "oneway": false, "reversed": false, "length": 30.05026993824395, "name": null, "lanes": null, "maxspeed": null, "service": null, "tunnel": null }, "geometry": { "type": "LineString", "coordinates": [ [ 102.856044, 24.8569578 ], [ 102.8560271, 24.8567439 ], [ 102.8559741, 24.8567156 ] ] } },
{ "type": "Feature", "properties": { "u": 3014050682, "v": 3014050678, "key": 0, "osmid": "297512229", "highway": "unclassified", "oneway": false, "reversed": false, "length": 57.448100850057891, "name": "致知北路", "lanes": null, "maxspeed": null, "service": null, "tunnel": null }, "geometry": { "type": "LineString", "coordinates": [ [ 102.8557331, 24.8572901 ], [ 102.856284, 24.8574207 ] ] } },
{ "type": "Feature", "properties": { "u": 3014050682, "v": 3014050442, "key": 0, "osmid": "297512229", "highway": "unclassified", "oneway": false, "reversed": true, "length": 33.20342741796162, "name": "致知北路", "lanes": null, "maxspeed": null, "service": null, "tunnel": null }, "geometry": { "type": "LineString", "coordinates": [ [ 102.8557331, 24.8572901 ], [ 102.8554147, 24.8572146 ] ] } },
{ "type": "Feature", "properties": { "u": 3014050682, "v": 3014050680, "key": 0, "osmid": "297512261", "highway": "path", "oneway": false, "reversed": true, "length": 53.255554816589509, "name": null, "lanes": null, "maxspeed": null, "service": null, "tunnel": null }, "geometry": { "type": "LineString", "coordinates": [ [ 102.8557331, 24.8572901 ], [ 102.8558469, 24.8570193 ], [ 102.856044, 24.8569578 ] ] } },
{ "type": "Feature", "properties": { "u": 3014050685, "v": 3014050697, "key": 0, "osmid": "739585520", "highway": "service", "oneway": false, "reversed": false, "length": 40.668043846857145, "name": null, "lanes": null, "maxspeed": null, "service": null, "tunnel": null }, "geometry": { "type": "LineString", "coordinates": [ [ 102.8560188, 24.8564212 ], [ 102.8556286, 24.8563295 ] ] } },
{ "type": "Feature", "properties": { "u": 3014050685, "v": 12944195132, "key": 0, "osmid": "739585520", "highway": "service", "oneway": false, "reversed": true, "length": 16.347376256347317, "name": null, "lanes": null, "maxspeed": null, "service": null, "tunnel": null }, "geometry": { "type": "LineString", "coordinates": [ [ 102.8560188, 24.8564212 ], [ 102.8561752, 24.8564596 ] ] } },
{ "type": "Feature", "properties": { "u": 3014050685, "v": 3733236468, "key": 0, "osmid": "297512262", "highway": "path", "oneway": false, "reversed": true, "length": 35.871046323319277, "name": null, "lanes": null, "maxspeed": null, "service": null, "tunnel": null }, "geometry": { "type": "LineString", "coordinates": [ [ 102.8560188, 24.8564212 ], [ 102.855927, 24.8565664 ], [ 102.8559741, 24.8567156 ] ] } },
{ "type": "Feature", "properties": { "u": 3014050686, "v": 6924934527, "key": 0, "osmid": "297512231", "highway": "unclassified", "oneway": false, "reversed": false, "length": 66.517478313081213, "name": "樱花大道", "lanes": null, "maxspeed": null, "service": null, "tunnel": null }, "geometry": { "type": "LineString", "coordinates": [ [ 102.8566358, 24.8571926 ], [ 102.8568057, 24.8566146 ] ] } },
{ "type": "Feature", "properties": { "u": 3014050686, "v": 3014050440, "key": 0, "osmid": "297512231", "highway": "unclassified", "oneway": false, "reversed": true, "length": 33.52052965870746, "name": "樱花大道", "lanes": null, "maxspeed": null, "service": null, "tunnel": null }, "geometry": { "type": "LineString", "coordinates": [ [ 102.8566358, 24.8571926 ], [ 102.8565507, 24.857484 ] ] } },
{ "type": "Feature", "properties": { "u": 3014050686, "v": 12944195128, "key": 0, "osmid": "297512263", "highway": "path", "oneway": false, "reversed": false, "length": 74.185201483006281, "name": null, "lanes": null, "maxspeed": null, "service": null, "tunnel": null }, "geometry": { "type": "LineString", "coordinates": [ [ 102.8566358, 24.8571926 ], [ 102.8564692, 24.8571423 ], [ 102.8563953, 24.856997 ], [ 102.8563275, 24.8567789 ], [ 102.8562072, 24.8567262 ] ] } },
{ "type": "Feature", "properties": { "u": 3014050692, "v": 3733236468, "key": 0, "osmid": "297512263", "highway": "path", "oneway": false, "reversed": true, "length": 12.856132202291741, "name": null, "lanes": null, "maxspeed": null, "service": null, "tunnel": null }, "geometry": { "type": "LineString", "coordinates": [ [ 102.8558684, 24.8567719 ], [ 102.8559239, 24.8567244 ], [ 102.8559741, 24.8567156 ] ] } },
{ "type": "Feature", "properties": { "u": 3014050692, "v": 3014050697, "key": 0, "osmid": "297512264", "highway": "path", "oneway": false, "reversed": false, "length": 57.001230979437594, "name": null, "lanes": null, "maxspeed": null, "service": null, "tunnel": null }, "geometry": { "type": "LineString", "coordinates": [ [ 102.8558684, 24.8567719 ], [ 102.8557547, 24.8566287 ], [ 102.8557359, 24.8565441 ], [ 102.855705, 24.8564639 ], [ 102.8556292, 24.8564015 ], [ 102.8556286, 24.8563295 ] ] } },
{ "type": "Feature", "properties": { "u": 3014050692, "v": 3014050693, "key": 0, "osmid": "297512264", "highway": "path", "oneway": false, "reversed": true, "length": 54.341795496920199, "name": null, "lanes": null, "maxspeed": null, "service": null, "tunnel": null }, "geometry": { "type": "LineString", "coordinates": [ [ 102.8558684, 24.8567719 ], [ 102.8558469, 24.8568292 ], [ 102.8556805, 24.8569466 ], [ 102.8555292, 24.8570175 ], [ 102.8554439, 24.8570458 ] ] } },
{ "type": "Feature", "properties": { "u": 3014050693, "v": 3014050692, "key": 0, "osmid": "297512264", "highway": "path", "oneway": false, "reversed": false, "length": 54.341795496920192, "name": null, "lanes": null, "maxspeed": null, "service": null, "tunnel": null }, "geometry": { "type": "LineString", "coordinates": [ [ 102.8554439, 24.8570458 ], [ 102.8555292, 24.8570175 ], [ 102.8556805, 24.8569466 ], [ 102.8558469, 24.8568292 ], [ 102.8558684, 24.8567719 ] ] } },
{ "type": "Feature", "properties": { "u": 3014050693, "v": 6924934528, "key": 0, "osmid": "739585531", "highway": "service", "oneway": false, "reversed": false, "length": 105.48750193754861, "name": null, "lanes": null, "maxspeed": null, "service": null, "tunnel": null }, "geometry": { "type": "LineString", "coordinates": [ [ 102.8554439, 24.8570458 ], [ 102.8551854, 24.8569335 ], [ 102.8553345, 24.8562583 ] ] } },
{ "type": "Feature", "properties": { "u": 3014050693, "v": 3014050442, "key": 0, "osmid": [ 739585530, 739585531 ], "highway": [ "service", "steps" ], "oneway": false, "reversed": true, "length": 19.063768221367177, "name": null, "lanes": null, "maxspeed": null, "service": null, "tunnel": null }, "geometry": { "type": "LineString", "coordinates": [ [ 102.8554439, 24.8570458 ], [ 102.8554429, 24.8570917 ], [ 102.8554147, 24.8572146 ] ] } },
{ "type": "Feature", "properties": { "u": 3014050697, "v": 6924934528, "key": 0, "osmid": "739585520", "highway": "service", "oneway": false, "reversed": false, "length": 30.711103306427347, "name": null, "lanes": null, "maxspeed": null, "service": null, "tunnel": null }, "geometry": { "type": "LineString", "coordinates": [ [ 102.8556286, 24.8563295 ], [ 102.8553345, 24.8562583 ] ] } },
{ "type": "Feature", "properties": { "u": 3014050697, "v": 3014050685, "key": 0, "osmid": "739585520", "highway": "service", "oneway": false, "reversed": true, "length": 40.668043846857145, "name": null, "lanes": null, "maxspeed": null, "service": null, "tunnel": null }, "geometry": { "type": "LineString", "coordinates": [ [ 102.8556286, 24.8563295 ], [ 102.8560188, 24.8564212 ] ] } },
{ "type": "Feature", "properties": { "u": 3014050697, "v": 3014050692, "key": 0, "osmid": "297512264", "highway": "path", "oneway": false, "reversed": true, "length": 57.001230979437594, "name": null, "lanes": null, "maxspeed": null, "service": null, "tunnel": null }, "geometry": { "type": "LineString", "coordinates": [ [ 102.8556286, 24.8563295 ], [ 102.8556292, 24.8564015 ], [ 102.855705, 24.8564639 ], [ 102.8557359, 24.8565441 ], [ 102.8557547, 24.8566287 ], [ 102.8558684, 24.8567719 ] ] } },
{ "type": "Feature", "properties": { "u": 3014050874, "v": 3014050442, "key": 0, "osmid": "297512229", "highway": "unclassified", "oneway": false, "reversed": false, "length": 184.28647346704579, "name": "致知北路", "lanes": null, "maxspeed": null, "service": null, "tunnel": null }, "geometry": { "type": "LineString", "coordinates": [ [ 102.8536475, 24.8567956 ], [ 102.8554147, 24.8572146 ] ] } },
{ "type": "Feature", "properties": { "u": 3014050874, "v": 2121845906, "key": 0, "osmid": "297512229", "highway": "unclassified", "oneway": false, "reversed": true, "length": 196.47716636389134, "name": "致知北路", "lanes": null, "maxspeed": null, "service": null, "tunnel": null }, "geometry": { "type": "LineString", "coordinates": [ [ 102.8536475, 24.8567956 ], [ 102.8517634, 24.8563489 ] ] } },
{ "type": "Feature", "properties": { "u": 3014050874, "v": 9040237960, "key": 0, "osmid": "739585519", "highway": "service", "oneway": false, "reversed": false, "length": 28.176851128731425, "name": null, "lanes": null, "maxspeed": null, "service": null, "tunnel": null }, "geometry": { "type": "LineString", "coordinates": [ [ 102.8536475, 24.8567956 ], [ 102.8537136, 24.8565494 ] ] } },
{ "type": "Feature", "properties": { "u": 3014050874, "v": 3014050449, "key": 0, "osmid": "739585519", "highway": "service", "oneway": false, "reversed": true, "length": 284.30716223440749, "name": null, "lanes": null, "maxspeed": null, "service": null, "tunnel": null }, "geometry": { "type": "LineString", "coordinates": [ [ 102.8536475, 24.8567956 ], [ 102.8535496, 24.8571653 ], [ 102.8540239, 24.8579011 ], [ 102.8541302, 24.858066 ], [ 102.8545626, 24.8587289 ], [ 102.8549474, 24.8588277 ] ] } },
{ "type": "Feature", "properties": { "u": 3014050880, "v": 6242640680, "key": 0, "osmid": "1491418771", "highway": "tertiary", "oneway": false, "reversed": false, "length": 14.084629696860256, "name": "景明南路", "lanes": "3", "maxspeed": null, "service": null, "tunnel": null }, "geometry": { "type": "LineString", "coordinates": [ [ 102.8496066, 24.8602424 ], [ 102.8496503, 24.8601221 ] ] } },
{ "type": "Feature", "properties": { "u": 3014050880, "v": 5244563989, "key": 0, "osmid": "1491418802", "highway": "secondary", "oneway": false, "reversed": true, "length": 14.275371114895419, "name": "聚贤街", "lanes": null, "maxspeed": null, "service": null, "tunnel": null }, "geometry": { "type": "LineString", "coordinates": [ [ 102.8496066, 24.8602424 ], [ 102.8497413, 24.8602817 ] ] } },
{ "type": "Feature", "properties": { "u": 3015753442, "v": 10789523357, "key": 0, "osmid": "220860817", "highway": "tertiary", "oneway": false, "reversed": false, "length": 10.82626456833875, "name": "毓秀路", "lanes": null, "maxspeed": null, "service": null, "tunnel": null }, "geometry": { "type": "LineString", "coordinates": [ [ 102.8502736, 24.8522227 ], [ 102.8503763, 24.8521945 ] ] } },
{ "type": "Feature", "properties": { "u": 3015753442, "v": 13778523868, "key": 0, "osmid": "1491398482", "highway": "tertiary", "oneway": false, "reversed": false, "length": 21.867306995593555, "name": "景明南路", "lanes": "3", "maxspeed": null, "service": null, "tunnel": null }, "geometry": { "type": "LineString", "coordinates": [ [ 102.8502736, 24.8522227 ], [ 102.8502072, 24.8520355 ] ] } },
{ "type": "Feature", "properties": { "u": 3015753442, "v": 13778523874, "key": 0, "osmid": "1491398482", "highway": "tertiary", "oneway": false, "reversed": true, "length": 16.754722320838205, "name": "景明南路", "lanes": "3", "maxspeed": null, "service": null, "tunnel": null }, "geometry": { "type": "LineString", "coordinates": [ [ 102.8502736, 24.8522227 ], [ 102.8503232, 24.8523665 ] ] } },
{ "type": "Feature", "properties": { "u": 3015753442, "v": 13778523876, "key": 0, "osmid": "220860817", "highway": "tertiary", "oneway": false, "reversed": true, "length": 22.620952672834683, "name": "毓秀路", "lanes": null, "maxspeed": null, "service": null, "tunnel": null }, "geometry": { "type": "LineString", "coordinates": [ [ 102.8502736, 24.8522227 ], [ 102.8501772, 24.8522477 ], [ 102.8500567, 24.852274 ] ] } },
{ "type": "Feature", "properties": { "u": 3049561131, "v": 10789523358, "key": 0, "osmid": "297512229", "highway": "unclassified", "oneway": false, "reversed": false, "length": 10.933966140813313, "name": "致知北路", "lanes": null, "maxspeed": null, "service": null, "tunnel": null }, "geometry": { "type": "LineString", "coordinates": [ [ 102.8506825, 24.8561174 ], [ 102.8507891, 24.8561351 ] ] } },
{ "type": "Feature", "properties": { "u": 3049561131, "v": 2186670406, "key": 0, "osmid": "1491398482", "highway": "tertiary", "oneway": false, "reversed": false, "length": 220.09619978395278, "name": "景明南路", "lanes": "3", "maxspeed": null, "service": null, "tunnel": null }, "geometry": { "type": "LineString", "coordinates": [ [ 102.8506825, 24.8561174 ], [ 102.8507008, 24.8559588 ], [ 102.8507397, 24.8554197 ], [ 102.850733, 24.854911 ], [ 102.8507048, 24.8543488 ], [ 102.8506856, 24.8541414 ] ] } },
{ "type": "Feature", "properties": { "u": 3049561131, "v": 6242640680, "key": 0, "osmid": "1491398482", "highway": "tertiary", "oneway": false, "reversed": true, "length": 457.82839197609417, "name": "景明南路", "lanes": "3", "maxspeed": null, "service": null, "tunnel": null }, "geometry": { "type": "LineString", "coordinates": [ [ 102.8506825, 24.8561174 ], [ 102.8506659, 24.8562605 ], [ 102.8505975, 24.8566962 ], [ 102.850509, 24.8571148 ], [ 102.8503601, 24.8577013 ], [ 102.8501683, 24.8583645 ], [ 102.8499712, 24.8590569 ], [ 102.8496959, 24.8599971 ], [ 102.8496503, 24.8601221 ] ] } },
{ "type": "Feature", "properties": { "u": 3634596108, "v": 6902603910, "key": 0, "osmid": "742123739", "highway": "tertiary", "oneway": false, "reversed": false, "length": 231.08251982396226, "name": "致远路", "lanes": null, "maxspeed": null, "service": null, "tunnel": null }, "geometry": { "type": "LineString", "coordinates": [ [ 102.859577, 24.8560535 ], [ 102.858991, 24.8580625 ] ] } },
{ "type": "Feature", "properties": { "u": 3634596108, "v": 6924563019, "key": 0, "osmid": "742123739", "highway": "tertiary", "oneway": false, "reversed": true, "length": 9.4509962183500011, "name": "致远路", "lanes": null, "maxspeed": null, "service": null, "tunnel": null }, "geometry": { "type": "LineString", "coordinates": [ [ 102.859577, 24.8560535 ], [ 102.8596004, 24.8559712 ] ] } },
{ "type": "Feature", "properties": { "u": 3634596108, "v": 6902604072, "key": 0, "osmid": "358554561", "highway": "tertiary", "oneway": false, "reversed": true, "length": 118.54002367565759, "name": null, "lanes": null, "maxspeed": null, "service": null, "tunnel": null }, "geometry": { "type": "LineString", "coordinates": [ [ 102.859577, 24.8560535 ], [ 102.8596727, 24.8560803 ], [ 102.8606956, 24.8563795 ] ] } },
{ "type": "Feature", "properties": { "u": 3733236468, "v": 3014050685, "key": 0, "osmid": "297512262", "highway": "path", "oneway": false, "reversed": false, "length": 35.871046323319277, "name": null, "lanes": null, "maxspeed": null, "service": null, "tunnel": null }, "geometry": { "type": "LineString", "coordinates": [ [ 102.8559741, 24.8567156 ], [ 102.855927, 24.8565664 ], [ 102.8560188, 24.8564212 ] ] } },
{ "type": "Feature", "properties": { "u": 3733236468, "v": 3014050680, "key": 0, "osmid": "297512262", "highway": "path", "oneway": false, "reversed": true, "length": 30.05026993824395, "name": null, "lanes": null, "maxspeed": null, "service": null, "tunnel": null }, "geometry": { "type": "LineString", "coordinates": [ [ 102.8559741, 24.8567156 ], [ 102.8560271, 24.8567439 ], [ 102.856044, 24.8569578 ] ] } },
{ "type": "Feature", "properties": { "u": 3733236468, "v": 3014050692, "key": 0, "osmid": "297512263", "highway": "path", "oneway": false, "reversed": false, "length": 12.856132202291741, "name": null, "lanes": null, "maxspeed": null, "service": null, "tunnel": null }, "geometry": { "type": "LineString", "coordinates": [ [ 102.8559741, 24.8567156 ], [ 102.8559239, 24.8567244 ], [ 102.8558684, 24.8567719 ] ] } },
{ "type": "Feature", "properties": { "u": 3733236468, "v": 12944195128, "key": 0, "osmid": "297512263", "highway": "path", "oneway": false, "reversed": true, "length": 24.248756103007551, "name": null, "lanes": null, "maxspeed": null, "service": null, "tunnel": null }, "geometry": { "type": "LineString", "coordinates": [ [ 102.8559741, 24.8567156 ], [ 102.8561488, 24.8567006 ], [ 102.8562072, 24.8567262 ] ] } },
{ "type": "Feature", "properties": { "u": 4154222916, "v": 6866791348, "key": 0, "osmid": "1491429676", "highway": "tertiary", "oneway": false, "reversed": true, "length": 4.6141360072304938, "name": null, "lanes": null, "maxspeed": null, "service": null, "tunnel": null }, "geometry": { "type": "LineString", "coordinates": [ [ 102.8587222, 24.8500977 ], [ 102.8586787, 24.8500849 ] ] } },
{ "type": "Feature", "properties": { "u": 4154222916, "v": 2299408560, "key": 0, "osmid": "297512231", "highway": "unclassified", "oneway": false, "reversed": true, "length": 111.63196723849134, "name": "樱花大道", "lanes": null, "maxspeed": null, "service": null, "tunnel": null }, "geometry": { "type": "LineString", "coordinates": [ [ 102.8587222, 24.8500977 ], [ 102.8586857, 24.8502193 ], [ 102.8586641, 24.8502669 ], [ 102.8584365, 24.8510671 ] ] } },
{ "type": "Feature", "properties": { "u": 5244563989, "v": 6242640682, "key": 0, "osmid": "542459637", "highway": "secondary", "oneway": false, "reversed": true, "length": 13.883559409997122, "name": "景明北路", "lanes": "3", "maxspeed": null, "service": null, "tunnel": null }, "geometry": { "type": "LineString", "coordinates": [ [ 102.8497413, 24.8602817 ], [ 102.8497833, 24.8601628 ] ] } },
{ "type": "Feature", "properties": { "u": 5244563989, "v": 3014050880, "key": 0, "osmid": "1491418802", "highway": "secondary", "oneway": false, "reversed": false, "length": 14.275371114895419, "name": "聚贤街", "lanes": null, "maxspeed": null, "service": null, "tunnel": null }, "geometry": { "type": "LineString", "coordinates": [ [ 102.8497413, 24.8602817 ], [ 102.8496066, 24.8602424 ] ] } },
{ "type": "Feature", "properties": { "u": 5244563989, "v": 2859221912, "key": 0, "osmid": "666752398", "highway": "secondary", "oneway": false, "reversed": true, "length": 460.97999140500741, "name": "聚贤街", "lanes": null, "maxspeed": null, "service": null, "tunnel": null }, "geometry": { "type": "LineString", "coordinates": [ [ 102.8497413, 24.8602817 ], [ 102.8498522, 24.8603152 ], [ 102.8540719, 24.8616036 ] ] } },
{ "type": "Feature", "properties": { "u": 6242640680, "v": 3014050880, "key": 0, "osmid": "1491418771", "highway": "tertiary", "oneway": false, "reversed": true, "length": 14.084629696860256, "name": "景明南路", "lanes": "3", "maxspeed": null, "service": null, "tunnel": null }, "geometry": { "type": "LineString", "coordinates": [ [ 102.8496503, 24.8601221 ], [ 102.8496066, 24.8602424 ] ] } },
{ "type": "Feature", "properties": { "u": 6242640680, "v": 6242640682, "key": 0, "osmid": "1491418773", "highway": "secondary", "oneway": false, "reversed": false, "length": 14.161179028142405, "name": "聚贤街", "lanes": null, "maxspeed": null, "service": null, "tunnel": null }, "geometry": { "type": "LineString", "coordinates": [ [ 102.8496503, 24.8601221 ], [ 102.8497833, 24.8601628 ] ] } },
{ "type": "Feature", "properties": { "u": 6242640680, "v": 3049561131, "key": 0, "osmid": "1491398482", "highway": "tertiary", "oneway": false, "reversed": false, "length": 457.82839197609428, "name": "景明南路", "lanes": "3", "maxspeed": null, "service": null, "tunnel": null }, "geometry": { "type": "LineString", "coordinates": [ [ 102.8496503, 24.8601221 ], [ 102.8496959, 24.8599971 ], [ 102.8499712, 24.8590569 ], [ 102.8501683, 24.8583645 ], [ 102.8503601, 24.8577013 ], [ 102.850509, 24.8571148 ], [ 102.8505975, 24.8566962 ], [ 102.8506659, 24.8562605 ], [ 102.8506825, 24.8561174 ] ] } },
{ "type": "Feature", "properties": { "u": 6242640682, "v": 5244563989, "key": 0, "osmid": "542459637", "highway": "secondary", "oneway": false, "reversed": false, "length": 13.883559409997122, "name": "景明北路", "lanes": "3", "maxspeed": null, "service": null, "tunnel": null }, "geometry": { "type": "LineString", "coordinates": [ [ 102.8497833, 24.8601628 ], [ 102.8497413, 24.8602817 ] ] } },
{ "type": "Feature", "properties": { "u": 6242640682, "v": 6242640680, "key": 0, "osmid": "1491418773", "highway": "secondary", "oneway": false, "reversed": true, "length": 14.161179028142405, "name": "聚贤街", "lanes": null, "maxspeed": null, "service": null, "tunnel": null }, "geometry": { "type": "LineString", "coordinates": [ [ 102.8497833, 24.8601628 ], [ 102.8496503, 24.8601221 ] ] } },
{ "type": "Feature", "properties": { "u": 6242640682, "v": 6242640683, "key": 0, "osmid": "1491418773", "highway": "secondary", "oneway": false, "reversed": false, "length": 512.92692271208978, "name": "聚贤街", "lanes": null, "maxspeed": null, "service": null, "tunnel": null }, "geometry": { "type": "LineString", "coordinates": [ [ 102.8497833, 24.8601628 ], [ 102.8498878, 24.860194 ], [ 102.8546122, 24.8616056 ] ] } },
{ "type": "Feature", "properties": { "u": 6242640682, "v": 10789523358, "key": 0, "osmid": "1491418804", "highway": "tertiary", "oneway": false, "reversed": true, "length": 459.63471250903581, "name": "景明南路", "lanes": "3", "maxspeed": null, "service": null, "tunnel": null }, "geometry": { "type": "LineString", "coordinates": [ [ 102.8497833, 24.8601628 ], [ 102.8498162, 24.8600383 ], [ 102.8499085, 24.8597381 ], [ 102.8500755, 24.859083 ], [ 102.850273, 24.8583892 ], [ 102.8504652, 24.8577248 ], [ 102.8506148, 24.857135 ], [ 102.8507042, 24.8567124 ], [ 102.8507733, 24.8562726 ], [ 102.8507891, 24.8561351 ] ] } },
{ "type": "Feature", "properties": { "u": 6242640683, "v": 3014050486, "key": 0, "osmid": "297512246", "highway": "service", "oneway": false, "reversed": true, "length": 16.68845763084914, "name": null, "lanes": null, "maxspeed": null, "service": null, "tunnel": null }, "geometry": { "type": "LineString", "coordinates": [ [ 102.8546122, 24.8616056 ], [ 102.8545687, 24.8617504 ] ] } },
{ "type": "Feature", "properties": { "u": 6242640683, "v": 6242640684, "key": 0, "osmid": "1491418773", "highway": "secondary", "oneway": false, "reversed": false, "length": 31.401046394357785, "name": "聚贤街", "lanes": null, "maxspeed": null, "service": null, "tunnel": null }, "geometry": { "type": "LineString", "coordinates": [ [ 102.8546122, 24.8616056 ], [ 102.8549068, 24.8616967 ] ] } },
{ "type": "Feature", "properties": { "u": 6242640683, "v": 3014050485, "key": 0, "osmid": "297512246", "highway": "service", "oneway": false, "reversed": false, "length": 108.57962492710713, "name": null, "lanes": null, "maxspeed": null, "service": null, "tunnel": null }, "geometry": { "type": "LineString", "coordinates": [ [ 102.8546122, 24.8616056 ], [ 102.8546409, 24.86151 ], [ 102.8546668, 24.8614376 ], [ 102.8549168, 24.8606691 ] ] } },
{ "type": "Feature", "properties": { "u": 6242640683, "v": 6242640682, "key": 0, "osmid": "1491418773", "highway": "secondary", "oneway": false, "reversed": true, "length": 512.92692271208978, "name": "聚贤街", "lanes": null, "maxspeed": null, "service": null, "tunnel": null }, "geometry": { "type": "LineString", "coordinates": [ [ 102.8546122, 24.8616056 ], [ 102.8498878, 24.860194 ], [ 102.8497833, 24.8601628 ] ] } },
{ "type": "Feature", "properties": { "u": 6242640684, "v": 6242640683, "key": 0, "osmid": "1491418773", "highway": "secondary", "oneway": false, "reversed": true, "length": 31.401046394357785, "name": "聚贤街", "lanes": null, "maxspeed": null, "service": null, "tunnel": null }, "geometry": { "type": "LineString", "coordinates": [ [ 102.8549068, 24.8616967 ], [ 102.8546122, 24.8616056 ] ] } },
{ "type": "Feature", "properties": { "u": 6242640684, "v": 3014050484, "key": 0, "osmid": "297512245", "highway": "service", "oneway": false, "reversed": true, "length": 110.56540491114963, "name": null, "lanes": null, "maxspeed": null, "service": null, "tunnel": null }, "geometry": { "type": "LineString", "coordinates": [ [ 102.8549068, 24.8616967 ], [ 102.8549346, 24.8616001 ], [ 102.8549587, 24.861524 ], [ 102.8551955, 24.8607375 ] ] } },
{ "type": "Feature", "properties": { "u": 6865484789, "v": 6865484803, "key": 0, "osmid": "733145924", "highway": "pedestrian", "oneway": false, "reversed": true, "length": 72.020383873611465, "name": null, "lanes": null, "maxspeed": null, "service": null, "tunnel": null }, "geometry": { "type": "LineString", "coordinates": [ [ 102.8589854, 24.8571652 ], [ 102.858403, 24.8570522 ], [ 102.8582986, 24.8571026 ] ] } },
{ "type": "Feature", "properties": { "u": 6865484793, "v": 6865484842, "key": 0, "osmid": "733145938", "highway": "footway", "oneway": false, "reversed": true, "length": 12.912362418216686, "name": null, "lanes": null, "maxspeed": null, "service": null, "tunnel": null }, "geometry": { "type": "LineString", "coordinates": [ [ 102.8573198, 24.8507179 ], [ 102.857286, 24.8508299 ] ] } },
{ "type": "Feature", "properties": { "u": 6865484793, "v": 6865484793, "key": 0, "osmid": "733145938", "highway": "footway", "oneway": false, "reversed": false, "length": 317.96403411764703, "name": null, "lanes": null, "maxspeed": null, "service": null, "tunnel": null }, "geometry": { "type": "LineString", "coordinates": [ [ 102.8573198, 24.8507179 ], [ 102.8571698, 24.8506714 ], [ 102.8571026, 24.8506077 ], [ 102.8572276, 24.8500631 ], [ 102.8572919, 24.8499937 ], [ 102.8574017, 24.8499835 ], [ 102.8580606, 24.8501502 ], [ 102.8581372, 24.8502255 ], [ 102.8581599, 24.8503116 ], [ 102.8580994, 24.850497 ], [ 102.8580568, 24.85052 ], [ 102.8579587, 24.8505517 ], [ 102.8578841, 24.8505928 ], [ 102.8578467, 24.8507314 ], [ 102.8577941, 24.8507834 ], [ 102.8577393, 24.8508028 ], [ 102.8573198, 24.8507179 ] ] } },
{ "type": "Feature", "properties": { "u": 6865484793, "v": 6865484793, "key": 1, "osmid": "733145938", "highway": "footway", "oneway": false, "reversed": true, "length": 317.96403411764709, "name": null, "lanes": null, "maxspeed": null, "service": null, "tunnel": null }, "geometry": { "type": "LineString", "coordinates": [ [ 102.8573198, 24.8507179 ], [ 102.8577393, 24.8508028 ], [ 102.8577941, 24.8507834 ], [ 102.8578467, 24.8507314 ], [ 102.8578841, 24.8505928 ], [ 102.8579587, 24.8505517 ], [ 102.8580568, 24.85052 ], [ 102.8580994, 24.850497 ], [ 102.8581599, 24.8503116 ], [ 102.8581372, 24.8502255 ], [ 102.8580606, 24.8501502 ], [ 102.8574017, 24.8499835 ], [ 102.8572919, 24.8499937 ], [ 102.8572276, 24.8500631 ], [ 102.8571026, 24.8506077 ], [ 102.8571698, 24.8506714 ], [ 102.8573198, 24.8507179 ] ] } },
{ "type": "Feature", "properties": { "u": 6865484798, "v": 6990182680, "key": 0, "osmid": "733145929", "highway": "service", "oneway": false, "reversed": true, "length": 13.247728737583449, "name": null, "lanes": null, "maxspeed": null, "service": null, "tunnel": null }, "geometry": { "type": "LineString", "coordinates": [ [ 102.8567812, 24.8524766 ], [ 102.8567473, 24.8525917 ] ] } },
{ "type": "Feature", "properties": { "u": 6865484798, "v": 6865484850, "key": 0, "osmid": "733145934", "highway": "footway", "oneway": false, "reversed": false, "length": 143.74254733521838, "name": null, "lanes": null, "maxspeed": null, "service": null, "tunnel": null }, "geometry": { "type": "LineString", "coordinates": [ [ 102.8567812, 24.8524766 ], [ 102.8553977, 24.8521682 ] ] } },
{ "type": "Feature", "properties": { "u": 6865484798, "v": 6990182676, "key": 0, "osmid": "733145929", "highway": "service", "oneway": false, "reversed": false, "length": 36.981311094172611, "name": null, "lanes": null, "maxspeed": null, "service": null, "tunnel": null }, "geometry": { "type": "LineString", "coordinates": [ [ 102.8567812, 24.8524766 ], [ 102.8568139, 24.8523535 ], [ 102.8568234, 24.8523262 ], [ 102.8568735, 24.8521548 ] ] } },
{ "type": "Feature", "properties": { "u": 6865484803, "v": 6865484847, "key": 0, "osmid": "733145924", "highway": "pedestrian", "oneway": false, "reversed": true, "length": 85.716883202115042, "name": null, "lanes": null, "maxspeed": null, "service": null, "tunnel": null }, "geometry": { "type": "LineString", "coordinates": [ [ 102.8582986, 24.8571026 ], [ 102.8581234, 24.8578569 ] ] } },
{ "type": "Feature", "properties": { "u": 6865484803, "v": 6865484844, "key": 0, "osmid": "733145928", "highway": "path", "oneway": false, "reversed": false, "length": 32.905375492738564, "name": null, "lanes": null, "maxspeed": null, "service": null, "tunnel": null }, "geometry": { "type": "LineString", "coordinates": [ [ 102.8582986, 24.8571026 ], [ 102.8581234, 24.856853 ] ] } },
{ "type": "Feature", "properties": { "u": 6865484803, "v": 6865484789, "key": 0, "osmid": "733145924", "highway": "pedestrian", "oneway": false, "reversed": false, "length": 72.020383873611465, "name": null, "lanes": null, "maxspeed": null, "service": null, "tunnel": null }, "geometry": { "type": "LineString", "coordinates": [ [ 102.8582986, 24.8571026 ], [ 102.858403, 24.8570522 ], [ 102.8589854, 24.8571652 ] ] } },
{ "type": "Feature", "properties": { "u": 6865484804, "v": 9040237941, "key": 0, "osmid": "733145935", "highway": "service", "oneway": false, "reversed": false, "length": 93.749368642060659, "name": null, "lanes": null, "maxspeed": null, "service": null, "tunnel": null }, "geometry": { "type": "LineString", "coordinates": [ [ 102.8525876, 24.853373 ], [ 102.8534846, 24.8535929 ] ] } },
{ "type": "Feature", "properties": { "u": 6865484804, "v": 2299408567, "key": 0, "osmid": "220860822", "highway": "unclassified", "oneway": false, "reversed": false, "length": 103.7608988807628, "name": null, "lanes": null, "maxspeed": null, "service": null, "tunnel": null }, "geometry": { "type": "LineString", "coordinates": [ [ 102.8525876, 24.853373 ], [ 102.8527289, 24.8531675 ], [ 102.8531915, 24.8526187 ] ] } },
{ "type": "Feature", "properties": { "u": 6865484804, "v": 2121845829, "key": 0, "osmid": "220860822", "highway": "unclassified", "oneway": false, "reversed": true, "length": 185.81233775242117, "name": null, "lanes": null, "maxspeed": null, "service": null, "tunnel": null }, "geometry": { "type": "LineString", "coordinates": [ [ 102.8525876, 24.853373 ], [ 102.8521966, 24.8540951 ], [ 102.8520214, 24.8546033 ], [ 102.8518849, 24.8549135 ] ] } },
{ "type": "Feature", "properties": { "u": 6865484805, "v": 6990182680, "key": 0, "osmid": "733145929", "highway": "service", "oneway": false, "reversed": false, "length": 93.749754570907641, "name": null, "lanes": null, "maxspeed": null, "service": null, "tunnel": null }, "geometry": { "type": "LineString", "coordinates": [ [ 102.8565073, 24.8534062 ], [ 102.8567473, 24.8525917 ] ] } },
{ "type": "Feature", "properties": { "u": 6865484805, "v": 6865484821, "key": 0, "osmid": "733145929", "highway": "service", "oneway": false, "reversed": true, "length": 97.648525551046689, "name": null, "lanes": null, "maxspeed": null, "service": null, "tunnel": null }, "geometry": { "type": "LineString", "coordinates": [ [ 102.8565073, 24.8534062 ], [ 102.8562795, 24.8542597 ] ] } },
{ "type": "Feature", "properties": { "u": 6865484805, "v": 6990182681, "key": 0, "osmid": "1160141406", "highway": "unclassified", "oneway": false, "reversed": false, "length": 42.140390286478677, "name": "致知南路", "lanes": null, "maxspeed": null, "service": null, "tunnel": null }, "geometry": { "type": "LineString", "coordinates": [ [ 102.8565073, 24.8534062 ], [ 102.8569097, 24.8535077 ] ] } },
{ "type": "Feature", "properties": { "u": 6865484805, "v": 9040237931, "key": 0, "osmid": "1160141406", "highway": "unclassified", "oneway": false, "reversed": true, "length": 129.88081728005633, "name": "致知南路", "lanes": null, "maxspeed": null, "service": null, "tunnel": null }, "geometry": { "type": "LineString", "coordinates": [ [ 102.8565073, 24.8534062 ], [ 102.855262, 24.8531104 ] ] } },
{ "type": "Feature", "properties": { "u": 6865484808, "v": 6865484856, "key": 0, "osmid": "733145935", "highway": "service", "oneway": false, "reversed": true, "length": 78.480632069842599, "name": null, "lanes": null, "maxspeed": null, "service": null, "tunnel": null }, "geometry": { "type": "LineString", "coordinates": [ [ 102.8581361, 24.8548454 ], [ 102.8574244, 24.8545606 ] ] } },
{ "type": "Feature", "properties": { "u": 6865484810, "v": 6865484833, "key": 0, "osmid": "733145927", "highway": "path", "oneway": false, "reversed": true, "length": 44.307848835891974, "name": null, "lanes": null, "maxspeed": null, "service": null, "tunnel": null }, "geometry": { "type": "LineString", "coordinates": [ [ 102.8567795, 24.8516463 ], [ 102.856829, 24.8516468 ], [ 102.85684, 24.8518011 ], [ 102.8568553, 24.851907 ], [ 102.8569268, 24.8519724 ] ] } },
{ "type": "Feature", "properties": { "u": 6865484815, "v": 6865484856, "key": 0, "osmid": "297512231", "highway": "unclassified", "oneway": false, "reversed": false, "length": 116.56029504270715, "name": "樱花大道", "lanes": null, "maxspeed": null, "service": null, "tunnel": null }, "geometry": { "type": "LineString", "coordinates": [ [ 102.8571128, 24.85557 ], [ 102.8574244, 24.8545606 ] ] } },
{ "type": "Feature", "properties": { "u": 6865484815, "v": 6924934527, "key": 0, "osmid": "297512231", "highway": "unclassified", "oneway": false, "reversed": true, "length": 120.21603971635491, "name": "樱花大道", "lanes": null, "maxspeed": null, "service": null, "tunnel": null }, "geometry": { "type": "LineString", "coordinates": [ [ 102.8571128, 24.85557 ], [ 102.8568057, 24.8566146 ] ] } },
{ "type": "Feature", "properties": { "u": 6865484815, "v": 6865484844, "key": 0, "osmid": "733145925", "highway": "service", "oneway": false, "reversed": true, "length": 232.55301345986055, "name": null, "lanes": null, "maxspeed": null, "service": "parking_aisle", "tunnel": null }, "geometry": { "type": "LineString", "coordinates": [ [ 102.8571128, 24.85557 ], [ 102.8582366, 24.8558683 ], [ 102.8583272, 24.8559934 ], [ 102.8581234, 24.856853 ] ] } },
{ "type": "Feature", "properties": { "u": 6865484821, "v": 6865484805, "key": 0, "osmid": "733145929", "highway": "service", "oneway": false, "reversed": false, "length": 97.648525551046689, "name": null, "lanes": null, "maxspeed": null, "service": null, "tunnel": null }, "geometry": { "type": "LineString", "coordinates": [ [ 102.8562795, 24.8542597 ], [ 102.8565073, 24.8534062 ] ] } },
{ "type": "Feature", "properties": { "u": 6865484821, "v": 9040237932, "key": 0, "osmid": "733145935", "highway": "service", "oneway": false, "reversed": true, "length": 134.20429290234793, "name": null, "lanes": null, "maxspeed": null, "service": null, "tunnel": null }, "geometry": { "type": "LineString", "coordinates": [ [ 102.8562795, 24.8542597 ], [ 102.8549931, 24.8539528 ] ] } },
{ "type": "Feature", "properties": { "u": 6865484821, "v": 6865484856, "key": 0, "osmid": "733145935", "highway": "service", "oneway": false, "reversed": false, "length": 120.2702962034659, "name": null, "lanes": null, "maxspeed": null, "service": null, "tunnel": null }, "geometry": { "type": "LineString", "coordinates": [ [ 102.8562795, 24.8542597 ], [ 102.8573188, 24.8545362 ], [ 102.8574244, 24.8545606 ] ] } },
{ "type": "Feature", "properties": { "u": 6865484833, "v": 6865484842, "key": 0, "osmid": "733145929", "highway": "service", "oneway": false, "reversed": false, "length": 132.1090288013541, "name": null, "lanes": null, "maxspeed": null, "service": null, "tunnel": null }, "geometry": { "type": "LineString", "coordinates": [ [ 102.8569268, 24.8519724 ], [ 102.857286, 24.8508299 ] ] } },
{ "type": "Feature", "properties": { "u": 6865484833, "v": 6990182676, "key": 0, "osmid": "733145929", "highway": "service", "oneway": false, "reversed": true, "length": 20.982855919324962, "name": null, "lanes": null, "maxspeed": null, "service": null, "tunnel": null }, "geometry": { "type": "LineString", "coordinates": [ [ 102.8569268, 24.8519724 ], [ 102.8568735, 24.8521548 ] ] } },
{ "type": "Feature", "properties": { "u": 6865484833, "v": 6865484810, "key": 0, "osmid": "733145927", "highway": "path", "oneway": false, "reversed": false, "length": 44.307848835891981, "name": null, "lanes": null, "maxspeed": null, "service": null, "tunnel": null }, "geometry": { "type": "LineString", "coordinates": [ [ 102.8569268, 24.8519724 ], [ 102.8568553, 24.851907 ], [ 102.85684, 24.8518011 ], [ 102.856829, 24.8516468 ], [ 102.8567795, 24.8516463 ] ] } },
{ "type": "Feature", "properties": { "u": 6865484834, "v": 6865484850, "key": 0, "osmid": "733145934", "highway": "footway", "oneway": false, "reversed": true, "length": 101.22555879705959, "name": null, "lanes": null, "maxspeed": null, "service": null, "tunnel": null }, "geometry": { "type": "LineString", "coordinates": [ [ 102.8544234, 24.8519511 ], [ 102.8553977, 24.8521682 ] ] } },
{ "type": "Feature", "properties": { "u": 6865484842, "v": 6865484833, "key": 0, "osmid": "733145929", "highway": "service", "oneway": false, "reversed": true, "length": 132.1090288013541, "name": null, "lanes": null, "maxspeed": null, "service": null, "tunnel": null }, "geometry": { "type": "LineString", "coordinates": [ [ 102.857286, 24.8508299 ], [ 102.8569268, 24.8519724 ] ] } },
{ "type": "Feature", "properties": { "u": 6865484842, "v": 6865484793, "key": 0, "osmid": "733145938", "highway": "footway", "oneway": false, "reversed": false, "length": 12.912362418216686, "name": null, "lanes": null, "maxspeed": null, "service": null, "tunnel": null }, "geometry": { "type": "LineString", "coordinates": [ [ 102.857286, 24.8508299 ], [ 102.8573198, 24.8507179 ] ] } },
{ "type": "Feature", "properties": { "u": 6865484842, "v": 2299408560, "key": 0, "osmid": "297685607", "highway": "unclassified", "oneway": false, "reversed": false, "length": 119.42431820859564, "name": "明德大道南", "lanes": null, "maxspeed": null, "service": null, "tunnel": null }, "geometry": { "type": "LineString", "coordinates": [ [ 102.857286, 24.8508299 ], [ 102.8574689, 24.8508359 ], [ 102.8584365, 24.8510671 ] ] } },
{ "type": "Feature", "properties": { "u": 6865484842, "v": 6865484853, "key": 0, "osmid": "297685607", "highway": "unclassified", "oneway": false, "reversed": true, "length": 168.09139397634451, "name": "明德大道南", "lanes": null, "maxspeed": null, "service": null, "tunnel": null }, "geometry": { "type": "LineString", "coordinates": [ [ 102.857286, 24.8508299 ], [ 102.8559719, 24.8510164 ], [ 102.8556538, 24.8511142 ] ] } },
{ "type": "Feature", "properties": { "u": 6865484844, "v": 6865484803, "key": 0, "osmid": "733145928", "highway": "path", "oneway": false, "reversed": true, "length": 32.905375492738564, "name": null, "lanes": null, "maxspeed": null, "service": null, "tunnel": null }, "geometry": { "type": "LineString", "coordinates": [ [ 102.8581234, 24.856853 ], [ 102.8582986, 24.8571026 ] ] } },
{ "type": "Feature", "properties": { "u": 6865484844, "v": 6865484815, "key": 0, "osmid": "733145925", "highway": "service", "oneway": false, "reversed": false, "length": 232.55301345986058, "name": null, "lanes": null, "maxspeed": null, "service": "parking_aisle", "tunnel": null }, "geometry": { "type": "LineString", "coordinates": [ [ 102.8581234, 24.856853 ], [ 102.8583272, 24.8559934 ], [ 102.8582366, 24.8558683 ], [ 102.8571128, 24.85557 ] ] } },
{ "type": "Feature", "properties": { "u": 6865484844, "v": 6924934527, "key": 0, "osmid": "733145925", "highway": "service", "oneway": false, "reversed": true, "length": 138.25029242121957, "name": null, "lanes": null, "maxspeed": null, "service": "parking_aisle", "tunnel": null }, "geometry": { "type": "LineString", "coordinates": [ [ 102.8581234, 24.856853 ], [ 102.8580473, 24.856897 ], [ 102.8568057, 24.8566146 ] ] } },
{ "type": "Feature", "properties": { "u": 6865484847, "v": 3014050440, "key": 0, "osmid": "297512229", "highway": "unclassified", "oneway": false, "reversed": true, "length": 164.00331179593599, "name": "致知北路", "lanes": null, "maxspeed": null, "service": null, "tunnel": null }, "geometry": { "type": "LineString", "coordinates": [ [ 102.8581234, 24.8578569 ], [ 102.8565507, 24.857484 ] ] } },
{ "type": "Feature", "properties": { "u": 6865484847, "v": 6865484803, "key": 0, "osmid": "733145924", "highway": "pedestrian", "oneway": false, "reversed": false, "length": 85.716883202115042, "name": null, "lanes": null, "maxspeed": null, "service": null, "tunnel": null }, "geometry": { "type": "LineString", "coordinates": [ [ 102.8581234, 24.8578569 ], [ 102.8582986, 24.8571026 ] ] } },
{ "type": "Feature", "properties": { "u": 6865484847, "v": 6927081060, "key": 0, "osmid": "743274811", "highway": "pedestrian", "oneway": false, "reversed": false, "length": 11.167548255039113, "name": null, "lanes": null, "maxspeed": null, "service": null, "tunnel": null }, "geometry": { "type": "LineString", "coordinates": [ [ 102.8581234, 24.8578569 ], [ 102.8580973, 24.8579545 ] ] } },
{ "type": "Feature", "properties": { "u": 6865484847, "v": 6902603910, "key": 0, "osmid": "297512229", "highway": "unclassified", "oneway": false, "reversed": false, "length": 90.471098869545855, "name": "致知北路", "lanes": null, "maxspeed": null, "service": null, "tunnel": null }, "geometry": { "type": "LineString", "coordinates": [ [ 102.8581234, 24.8578569 ], [ 102.8588816, 24.8580366 ], [ 102.8589134, 24.8580442 ], [ 102.858991, 24.8580625 ] ] } },
{ "type": "Feature", "properties": { "u": 6865484850, "v": 6865484834, "key": 0, "osmid": "733145934", "highway": "footway", "oneway": false, "reversed": false, "length": 101.22555879705959, "name": null, "lanes": null, "maxspeed": null, "service": null, "tunnel": null }, "geometry": { "type": "LineString", "coordinates": [ [ 102.8553977, 24.8521682 ], [ 102.8544234, 24.8519511 ] ] } },
{ "type": "Feature", "properties": { "u": 6865484850, "v": 6865484798, "key": 0, "osmid": "733145934", "highway": "footway", "oneway": false, "reversed": true, "length": 143.74254733521838, "name": null, "lanes": null, "maxspeed": null, "service": null, "tunnel": null }, "geometry": { "type": "LineString", "coordinates": [ [ 102.8553977, 24.8521682 ], [ 102.8567812, 24.8524766 ] ] } },
{ "type": "Feature", "properties": { "u": 6865484850, "v": 6865484853, "key": 0, "osmid": [ 733145930, 733145931 ], "highway": [ "service", "steps" ], "oneway": false, "reversed": false, "length": 122.35945539393022, "name": null, "lanes": null, "maxspeed": null, "service": null, "tunnel": null }, "geometry": { "type": "LineString", "coordinates": [ [ 102.8553977, 24.8521682 ], [ 102.8554392, 24.8520448 ], [ 102.8556965, 24.8511881 ], [ 102.8556538, 24.8511142 ] ] } },
{ "type": "Feature", "properties": { "u": 6865484853, "v": 6865484842, "key": 0, "osmid": "297685607", "highway": "unclassified", "oneway": false, "reversed": false, "length": 168.09139397634451, "name": "明德大道南", "lanes": null, "maxspeed": null, "service": null, "tunnel": null }, "geometry": { "type": "LineString", "coordinates": [ [ 102.8556538, 24.8511142 ], [ 102.8559719, 24.8510164 ], [ 102.857286, 24.8508299 ] ] } },
{ "type": "Feature", "properties": { "u": 6865484853, "v": 6990223650, "key": 0, "osmid": "297685607", "highway": "unclassified", "oneway": false, "reversed": true, "length": 166.28180450290333, "name": "明德大道南", "lanes": null, "maxspeed": null, "service": null, "tunnel": null }, "geometry": { "type": "LineString", "coordinates": [ [ 102.8556538, 24.8511142 ], [ 102.85448, 24.8515664 ], [ 102.8542029, 24.8517927 ] ] } },
{ "type": "Feature", "properties": { "u": 6865484853, "v": 6865484850, "key": 0, "osmid": [ 733145930, 733145931 ], "highway": [ "service", "steps" ], "oneway": false, "reversed": true, "length": 122.35945539393022, "name": null, "lanes": null, "maxspeed": null, "service": null, "tunnel": null }, "geometry": { "type": "LineString", "coordinates": [ [ 102.8556538, 24.8511142 ], [ 102.8556965, 24.8511881 ], [ 102.8554392, 24.8520448 ], [ 102.8553977, 24.8521682 ] ] } },
{ "type": "Feature", "properties": { "u": 6865484856, "v": 2121846555, "key": 0, "osmid": "297512231", "highway": "unclassified", "oneway": false, "reversed": false, "length": 98.918334097509586, "name": "樱花大道", "lanes": null, "maxspeed": null, "service": null, "tunnel": null }, "geometry": { "type": "LineString", "coordinates": [ [ 102.8574244, 24.8545606 ], [ 102.8576632, 24.8536978 ] ] } },
{ "type": "Feature", "properties": { "u": 6865484856, "v": 6865484815, "key": 0, "osmid": "297512231", "highway": "unclassified", "oneway": false, "reversed": true, "length": 116.56029504270715, "name": "樱花大道", "lanes": null, "maxspeed": null, "service": null, "tunnel": null }, "geometry": { "type": "LineString", "coordinates": [ [ 102.8574244, 24.8545606 ], [ 102.8571128, 24.85557 ] ] } },
{ "type": "Feature", "properties": { "u": 6865484856, "v": 6865484808, "key": 0, "osmid": "733145935", "highway": "service", "oneway": false, "reversed": false, "length": 78.480632069842599, "name": null, "lanes": null, "maxspeed": null, "service": null, "tunnel": null }, "geometry": { "type": "LineString", "coordinates": [ [ 102.8574244, 24.8545606 ], [ 102.8581361, 24.8548454 ] ] } },
{ "type": "Feature", "properties": { "u": 6865484856, "v": 6865484821, "key": 0, "osmid": "733145935", "highway": "service", "oneway": false, "reversed": true, "length": 120.2702962034659, "name": null, "lanes": null, "maxspeed": null, "service": null, "tunnel": null }, "geometry": { "type": "LineString", "coordinates": [ [ 102.8574244, 24.8545606 ], [ 102.8573188, 24.8545362 ], [ 102.8562795, 24.8542597 ] ] } },
{ "type": "Feature", "properties": { "u": 6866791348, "v": 4154222916, "key": 0, "osmid": "1491429676", "highway": "tertiary", "oneway": false, "reversed": false, "length": 4.6141360072304938, "name": null, "lanes": null, "maxspeed": null, "service": null, "tunnel": null }, "geometry": { "type": "LineString", "coordinates": [ [ 102.8586787, 24.8500849 ], [ 102.8587222, 24.8500977 ] ] } },
{ "type": "Feature", "properties": { "u": 6866791348, "v": 2299408533, "key": 0, "osmid": "733265123", "highway": "pedestrian", "oneway": false, "reversed": false, "length": 215.4213207503139, "name": null, "lanes": null, "maxspeed": null, "service": null, "tunnel": null }, "geometry": { "type": "LineString", "coordinates": [ [ 102.8586787, 24.8500849 ], [ 102.8586926, 24.8500165 ], [ 102.8592155, 24.84821 ] ] } },
{ "type": "Feature", "properties": { "u": 6902603910, "v": 6924934542, "key": 0, "osmid": "742123739", "highway": "tertiary", "oneway": false, "reversed": false, "length": 244.27939426466909, "name": "致远路", "lanes": null, "maxspeed": null, "service": null, "tunnel": null }, "geometry": { "type": "LineString", "coordinates": [ [ 102.858991, 24.8580625 ], [ 102.8583913, 24.8601909 ] ] } },
{ "type": "Feature", "properties": { "u": 6902603910, "v": 3634596108, "key": 0, "osmid": "742123739", "highway": "tertiary", "oneway": false, "reversed": true, "length": 231.08251982396226, "name": "致远路", "lanes": null, "maxspeed": null, "service": null, "tunnel": null }, "geometry": { "type": "LineString", "coordinates": [ [ 102.858991, 24.8580625 ], [ 102.859577, 24.8560535 ] ] } },
{ "type": "Feature", "properties": { "u": 6902603910, "v": 6865484847, "key": 0, "osmid": "297512229", "highway": "unclassified", "oneway": false, "reversed": true, "length": 90.471098869545855, "name": "致知北路", "lanes": null, "maxspeed": null, "service": null, "tunnel": null }, "geometry": { "type": "LineString", "coordinates": [ [ 102.858991, 24.8580625 ], [ 102.8589134, 24.8580442 ], [ 102.8588816, 24.8580366 ], [ 102.8581234, 24.8578569 ] ] } },
{ "type": "Feature", "properties": { "u": 6902604063, "v": 6902604073, "key": 0, "osmid": "737280307", "highway": "residential", "oneway": false, "reversed": false, "length": 249.25470896478751, "name": null, "lanes": null, "maxspeed": null, "service": null, "tunnel": null }, "geometry": { "type": "LineString", "coordinates": [ [ 102.8590512, 24.8619174 ], [ 102.859416, 24.8606957 ], [ 102.8596199, 24.860355 ], [ 102.8598344, 24.8600483 ], [ 102.859902, 24.8598319 ] ] } },
{ "type": "Feature", "properties": { "u": 6902604072, "v": 3634596108, "key": 0, "osmid": "358554561", "highway": "tertiary", "oneway": false, "reversed": false, "length": 118.54002367565759, "name": null, "lanes": null, "maxspeed": null, "service": null, "tunnel": null }, "geometry": { "type": "LineString", "coordinates": [ [ 102.8606956, 24.8563795 ], [ 102.8596727, 24.8560803 ], [ 102.859577, 24.8560535 ] ] } },
{ "type": "Feature", "properties": { "u": 6902604072, "v": 13068202089, "key": 0, "osmid": "737280307", "highway": "residential", "oneway": false, "reversed": true, "length": 99.89333974493313, "name": null, "lanes": null, "maxspeed": null, "service": null, "tunnel": null }, "geometry": { "type": "LineString", "coordinates": [ [ 102.8606956, 24.8563795 ], [ 102.8606762, 24.8564422 ], [ 102.8604279, 24.8572444 ] ] } },
{ "type": "Feature", "properties": { "u": 6902604073, "v": 13068202089, "key": 0, "osmid": "737280307", "highway": "residential", "oneway": false, "reversed": false, "length": 296.77202642189911, "name": null, "lanes": null, "maxspeed": null, "service": null, "tunnel": null }, "geometry": { "type": "LineString", "coordinates": [ [ 102.859902, 24.8598319 ], [ 102.8599256, 24.8597563 ], [ 102.8599846, 24.8593766 ], [ 102.8599042, 24.8590748 ], [ 102.8599203, 24.8588315 ], [ 102.8601295, 24.8582084 ], [ 102.8604279, 24.8572444 ] ] } },
{ "type": "Feature", "properties": { "u": 6902604073, "v": 6902604063, "key": 0, "osmid": "737280307", "highway": "residential", "oneway": false, "reversed": true, "length": 249.25470896478748, "name": null, "lanes": null, "maxspeed": null, "service": null, "tunnel": null }, "geometry": { "type": "LineString", "coordinates": [ [ 102.859902, 24.8598319 ], [ 102.8598344, 24.8600483 ], [ 102.8596199, 24.860355 ], [ 102.859416, 24.8606957 ], [ 102.8590512, 24.8619174 ] ] } },
{ "type": "Feature", "properties": { "u": 6902604110, "v": 6924934536, "key": 0, "osmid": "737280313", "highway": "footway", "oneway": false, "reversed": false, "length": 99.352075255690295, "name": null, "lanes": null, "maxspeed": null, "service": null, "tunnel": null }, "geometry": { "type": "LineString", "coordinates": [ [ 102.8553298, 24.8554204 ], [ 102.8543768, 24.8551955 ] ] } },
{ "type": "Feature", "properties": { "u": 6902604111, "v": 12944195125, "key": 0, "osmid": "737280313", "highway": "footway", "oneway": false, "reversed": true, "length": 85.970390735829639, "name": null, "lanes": null, "maxspeed": null, "service": null, "tunnel": null }, "geometry": { "type": "LineString", "coordinates": [ [ 102.8526225, 24.8547811 ], [ 102.8534409, 24.8549963 ] ] } },
{ "type": "Feature", "properties": { "u": 6924563019, "v": 3634596108, "key": 0, "osmid": "742123739", "highway": "tertiary", "oneway": false, "reversed": false, "length": 9.4509962183500011, "name": "致远路", "lanes": null, "maxspeed": null, "service": null, "tunnel": null }, "geometry": { "type": "LineString", "coordinates": [ [ 102.8596004, 24.8559712 ], [ 102.859577, 24.8560535 ] ] } },
{ "type": "Feature", "properties": { "u": 6924563019, "v": 6924697714, "key": 0, "osmid": "742123739", "highway": "tertiary", "oneway": false, "reversed": true, "length": 243.38105876381329, "name": "致远路", "lanes": null, "maxspeed": null, "service": null, "tunnel": null }, "geometry": { "type": "LineString", "coordinates": [ [ 102.8596004, 24.8559712 ], [ 102.8602185, 24.8538555 ] ] } },
{ "type": "Feature", "properties": { "u": 6924697714, "v": 6924563019, "key": 0, "osmid": "742123739", "highway": "tertiary", "oneway": false, "reversed": false, "length": 243.38105876381329, "name": "致远路", "lanes": null, "maxspeed": null, "service": null, "tunnel": null }, "geometry": { "type": "LineString", "coordinates": [ [ 102.8602185, 24.8538555 ], [ 102.8596004, 24.8559712 ] ] } },
{ "type": "Feature", "properties": { "u": 6924934526, "v": 9040237947, "key": 0, "osmid": "739585519", "highway": "service", "oneway": false, "reversed": true, "length": 24.04513429888528, "name": null, "lanes": null, "maxspeed": null, "service": null, "tunnel": null }, "geometry": { "type": "LineString", "coordinates": [ [ 102.8538819, 24.8559227 ], [ 102.8538255, 24.8561328 ] ] } },
{ "type": "Feature", "properties": { "u": 6924934526, "v": 6924934530, "key": 0, "osmid": "739585520", "highway": "service", "oneway": false, "reversed": false, "length": 68.603615784838823, "name": null, "lanes": null, "maxspeed": null, "service": null, "tunnel": null }, "geometry": { "type": "LineString", "coordinates": [ [ 102.8538819, 24.8559227 ], [ 102.8532226, 24.8557718 ] ] } },
{ "type": "Feature", "properties": { "u": 6924934526, "v": 6924934529, "key": 0, "osmid": "739585520", "highway": "service", "oneway": false, "reversed": true, "length": 30.175929584228719, "name": null, "lanes": null, "maxspeed": null, "service": null, "tunnel": null }, "geometry": { "type": "LineString", "coordinates": [ [ 102.8538819, 24.8559227 ], [ 102.854174, 24.855981 ] ] } },
{ "type": "Feature", "properties": { "u": 6924934527, "v": 6865484815, "key": 0, "osmid": "297512231", "highway": "unclassified", "oneway": false, "reversed": false, "length": 120.21603971635491, "name": "樱花大道", "lanes": null, "maxspeed": null, "service": null, "tunnel": null }, "geometry": { "type": "LineString", "coordinates": [ [ 102.8568057, 24.8566146 ], [ 102.8571128, 24.85557 ] ] } },
{ "type": "Feature", "properties": { "u": 6924934527, "v": 3014050686, "key": 0, "osmid": "297512231", "highway": "unclassified", "oneway": false, "reversed": true, "length": 66.517478313081213, "name": "樱花大道", "lanes": null, "maxspeed": null, "service": null, "tunnel": null }, "geometry": { "type": "LineString", "coordinates": [ [ 102.8568057, 24.8566146 ], [ 102.8566358, 24.8571926 ] ] } },
{ "type": "Feature", "properties": { "u": 6924934527, "v": 12944195132, "key": 0, "osmid": "739585520", "highway": "service", "oneway": false, "reversed": false, "length": 65.90734208774964, "name": null, "lanes": null, "maxspeed": null, "service": null, "tunnel": null }, "geometry": { "type": "LineString", "coordinates": [ [ 102.8568057, 24.8566146 ], [ 102.8561752, 24.8564596 ] ] } },
{ "type": "Feature", "properties": { "u": 6924934527, "v": 6865484844, "key": 0, "osmid": "733145925", "highway": "service", "oneway": false, "reversed": false, "length": 138.25029242121957, "name": null, "lanes": null, "maxspeed": null, "service": "parking_aisle", "tunnel": null }, "geometry": { "type": "LineString", "coordinates": [ [ 102.8568057, 24.8566146 ], [ 102.8580473, 24.856897 ], [ 102.8581234, 24.856853 ] ] } },
{ "type": "Feature", "properties": { "u": 6924934528, "v": 6924934529, "key": 0, "osmid": "739585520", "highway": "service", "oneway": false, "reversed": false, "length": 121.08021800094524, "name": null, "lanes": null, "maxspeed": null, "service": null, "tunnel": null }, "geometry": { "type": "LineString", "coordinates": [ [ 102.8553345, 24.8562583 ], [ 102.854174, 24.855981 ] ] } },
{ "type": "Feature", "properties": { "u": 6924934528, "v": 3014050697, "key": 0, "osmid": "739585520", "highway": "service", "oneway": false, "reversed": true, "length": 30.711103306427347, "name": null, "lanes": null, "maxspeed": null, "service": null, "tunnel": null }, "geometry": { "type": "LineString", "coordinates": [ [ 102.8553345, 24.8562583 ], [ 102.8556286, 24.8563295 ] ] } },
{ "type": "Feature", "properties": { "u": 6924934528, "v": 3014050693, "key": 0, "osmid": "739585531", "highway": "service", "oneway": false, "reversed": true, "length": 105.48750193754861, "name": null, "lanes": null, "maxspeed": null, "service": null, "tunnel": null }, "geometry": { "type": "LineString", "coordinates": [ [ 102.8553345, 24.8562583 ], [ 102.8551854, 24.8569335 ], [ 102.8554439, 24.8570458 ] ] } },
{ "type": "Feature", "properties": { "u": 6924934529, "v": 6924934526, "key": 0, "osmid": "739585520", "highway": "service", "oneway": false, "reversed": false, "length": 30.175929584228719, "name": null, "lanes": null, "maxspeed": null, "service": null, "tunnel": null }, "geometry": { "type": "LineString", "coordinates": [ [ 102.854174, 24.855981 ], [ 102.8538819, 24.8559227 ] ] } },
{ "type": "Feature", "properties": { "u": 6924934529, "v": 6924934528, "key": 0, "osmid": "739585520", "highway": "service", "oneway": false, "reversed": true, "length": 121.08021800094524, "name": null, "lanes": null, "maxspeed": null, "service": null, "tunnel": null }, "geometry": { "type": "LineString", "coordinates": [ [ 102.854174, 24.855981 ], [ 102.8553345, 24.8562583 ] ] } },
{ "type": "Feature", "properties": { "u": 6924934529, "v": 6924934536, "key": 0, "osmid": "739585521", "highway": "service", "oneway": false, "reversed": true, "length": 89.708431174865552, "name": null, "lanes": null, "maxspeed": null, "service": null, "tunnel": null }, "geometry": { "type": "LineString", "coordinates": [ [ 102.854174, 24.855981 ], [ 102.8543768, 24.8551955 ] ] } },
{ "type": "Feature", "properties": { "u": 6924934530, "v": 2121846380, "key": 0, "osmid": "739585520", "highway": "service", "oneway": false, "reversed": false, "length": 148.4029199220536, "name": null, "lanes": null, "maxspeed": null, "service": null, "tunnel": null }, "geometry": { "type": "LineString", "coordinates": [ [ 102.8532226, 24.8557718 ], [ 102.8518017, 24.8554269 ] ] } },
{ "type": "Feature", "properties": { "u": 6924934530, "v": 6924934526, "key": 0, "osmid": "739585520", "highway": "service", "oneway": false, "reversed": true, "length": 68.603615784838823, "name": null, "lanes": null, "maxspeed": null, "service": null, "tunnel": null }, "geometry": { "type": "LineString", "coordinates": [ [ 102.8532226, 24.8557718 ], [ 102.8538819, 24.8559227 ] ] } },
{ "type": "Feature", "properties": { "u": 6924934530, "v": 12944195125, "key": 0, "osmid": "1408501735", "highway": "service", "oneway": false, "reversed": false, "length": 89.000230162388078, "name": null, "lanes": null, "maxspeed": null, "service": null, "tunnel": null }, "geometry": { "type": "LineString", "coordinates": [ [ 102.8532226, 24.8557718 ], [ 102.8534409, 24.8549963 ] ] } },
{ "type": "Feature", "properties": { "u": 6924934535, "v": 6924934536, "key": 0, "osmid": "739585521", "highway": "service", "oneway": false, "reversed": false, "length": 57.532704684041491, "name": null, "lanes": null, "maxspeed": null, "service": null, "tunnel": null }, "geometry": { "type": "LineString", "coordinates": [ [ 102.8545081, 24.854692 ], [ 102.8543768, 24.8551955 ] ] } },
{ "type": "Feature", "properties": { "u": 6924934535, "v": 12944195126, "key": 0, "osmid": "739585522", "highway": "footway", "oneway": false, "reversed": false, "length": 94.534813027359959, "name": null, "lanes": null, "maxspeed": null, "service": null, "tunnel": null }, "geometry": { "type": "LineString", "coordinates": [ [ 102.8545081, 24.854692 ], [ 102.8536012, 24.8544784 ] ] } },
{ "type": "Feature", "properties": { "u": 6924934535, "v": 6924934538, "key": 0, "osmid": "739585522", "highway": "footway", "oneway": false, "reversed": true, "length": 102.12081297857191, "name": null, "lanes": null, "maxspeed": null, "service": null, "tunnel": null }, "geometry": { "type": "LineString", "coordinates": [ [ 102.8545081, 24.854692 ], [ 102.8554908, 24.8549119 ] ] } },
{ "type": "Feature", "properties": { "u": 6924934535, "v": 9040237933, "key": 0, "osmid": "1408501736", "highway": "service", "oneway": false, "reversed": false, "length": 91.467816927970148, "name": null, "lanes": null, "maxspeed": null, "service": null, "tunnel": null }, "geometry": { "type": "LineString", "coordinates": [ [ 102.8545081, 24.854692 ], [ 102.854766, 24.8539034 ] ] } },
{ "type": "Feature", "properties": { "u": 6924934536, "v": 12944195125, "key": 0, "osmid": "737280313", "highway": "footway", "oneway": false, "reversed": false, "length": 96.991186354695913, "name": null, "lanes": null, "maxspeed": null, "service": null, "tunnel": null }, "geometry": { "type": "LineString", "coordinates": [ [ 102.8543768, 24.8551955 ], [ 102.8534409, 24.8549963 ] ] } },
{ "type": "Feature", "properties": { "u": 6924934536, "v": 6902604110, "key": 0, "osmid": "737280313", "highway": "footway", "oneway": false, "reversed": true, "length": 99.352075255690295, "name": null, "lanes": null, "maxspeed": null, "service": null, "tunnel": null }, "geometry": { "type": "LineString", "coordinates": [ [ 102.8543768, 24.8551955 ], [ 102.8553298, 24.8554204 ] ] } },
{ "type": "Feature", "properties": { "u": 6924934536, "v": 6924934529, "key": 0, "osmid": "739585521", "highway": "service", "oneway": false, "reversed": false, "length": 89.708431174865552, "name": null, "lanes": null, "maxspeed": null, "service": null, "tunnel": null }, "geometry": { "type": "LineString", "coordinates": [ [ 102.8543768, 24.8551955 ], [ 102.854174, 24.855981 ] ] } },
{ "type": "Feature", "properties": { "u": 6924934536, "v": 6924934535, "key": 0, "osmid": "739585521", "highway": "service", "oneway": false, "reversed": true, "length": 57.532704684041491, "name": null, "lanes": null, "maxspeed": null, "service": null, "tunnel": null }, "geometry": { "type": "LineString", "coordinates": [ [ 102.8543768, 24.8551955 ], [ 102.8545081, 24.854692 ] ] } },
{ "type": "Feature", "properties": { "u": 6924934538, "v": 6924934535, "key": 0, "osmid": "739585522", "highway": "footway", "oneway": false, "reversed": false, "length": 102.12081297857191, "name": null, "lanes": null, "maxspeed": null, "service": null, "tunnel": null }, "geometry": { "type": "LineString", "coordinates": [ [ 102.8554908, 24.8549119 ], [ 102.8545081, 24.854692 ] ] } },
{ "type": "Feature", "properties": { "u": 6924934539, "v": 12944195126, "key": 0, "osmid": "739585522", "highway": "footway", "oneway": false, "reversed": true, "length": 80.48481995601783, "name": null, "lanes": null, "maxspeed": null, "service": null, "tunnel": null }, "geometry": { "type": "LineString", "coordinates": [ [ 102.8528291, 24.8542965 ], [ 102.8536012, 24.8544784 ] ] } },
{ "type": "Feature", "properties": { "u": 6924934542, "v": 6902603910, "key": 0, "osmid": "742123739", "highway": "tertiary", "oneway": false, "reversed": true, "length": 244.27939426466909, "name": "致远路", "lanes": null, "maxspeed": null, "service": null, "tunnel": null }, "geometry": { "type": "LineString", "coordinates": [ [ 102.8583913, 24.8601909 ], [ 102.858991, 24.8580625 ] ] } },
{ "type": "Feature", "properties": { "u": 6924934542, "v": 6924934566, "key": 0, "osmid": "739585527", "highway": "footway", "oneway": false, "reversed": true, "length": 27.381118383200402, "name": null, "lanes": null, "maxspeed": null, "service": null, "tunnel": null }, "geometry": { "type": "LineString", "coordinates": [ [ 102.8583913, 24.8601909 ], [ 102.8583038, 24.8601697 ], [ 102.8581912, 24.8601417 ], [ 102.8581282, 24.8601311 ] ] } },
{ "type": "Feature", "properties": { "u": 6924934566, "v": 6957364927, "key": 0, "osmid": "733145932", "highway": "service", "oneway": false, "reversed": true, "length": 60.159712011960487, "name": null, "lanes": null, "maxspeed": null, "service": null, "tunnel": null }, "geometry": { "type": "LineString", "coordinates": [ [ 102.8581282, 24.8601311 ], [ 102.8575517, 24.8599929 ] ] } },
{ "type": "Feature", "properties": { "u": 6924934566, "v": 6924934567, "key": 0, "osmid": "739797175", "highway": "service", "oneway": false, "reversed": false, "length": 64.371756769093977, "name": null, "lanes": null, "maxspeed": null, "service": "parking_aisle", "tunnel": null }, "geometry": { "type": "LineString", "coordinates": [ [ 102.8581282, 24.8601311 ], [ 102.8579615, 24.8606899 ] ] } },
{ "type": "Feature", "properties": { "u": 6924934566, "v": 6924934542, "key": 0, "osmid": "739585527", "highway": "footway", "oneway": false, "reversed": false, "length": 27.381118383200402, "name": null, "lanes": null, "maxspeed": null, "service": null, "tunnel": null }, "geometry": { "type": "LineString", "coordinates": [ [ 102.8581282, 24.8601311 ], [ 102.8581912, 24.8601417 ], [ 102.8583038, 24.8601697 ], [ 102.8583913, 24.8601909 ] ] } },
{ "type": "Feature", "properties": { "u": 6924934566, "v": 6927081060, "key": 0, "osmid": [ 739585526, 739797175, 739797176, 739797177, 739797178 ], "highway": "service", "oneway": false, "reversed": true, "length": 298.54318583577242, "name": null, "lanes": null, "maxspeed": null, "service": "parking_aisle", "tunnel": "building_passage" }, "geometry": { "type": "LineString", "coordinates": [ [ 102.8581282, 24.8601311 ], [ 102.8581415, 24.8600877 ], [ 102.8582015, 24.8598965 ], [ 102.8586384, 24.8583525 ], [ 102.8586902, 24.8581547 ], [ 102.8587112, 24.858086 ], [ 102.8580973, 24.8579545 ] ] } },
{ "type": "Feature", "properties": { "u": 6924934567, "v": 6924934566, "key": 0, "osmid": "739797175", "highway": "service", "oneway": false, "reversed": true, "length": 64.371756769093977, "name": null, "lanes": null, "maxspeed": null, "service": "parking_aisle", "tunnel": null }, "geometry": { "type": "LineString", "coordinates": [ [ 102.8579615, 24.8606899 ], [ 102.8581282, 24.8601311 ] ] } },
{ "type": "Feature", "properties": { "u": 6927081060, "v": 6865484847, "key": 0, "osmid": "743274811", "highway": "pedestrian", "oneway": false, "reversed": true, "length": 11.167548255039113, "name": null, "lanes": null, "maxspeed": null, "service": null, "tunnel": null }, "geometry": { "type": "LineString", "coordinates": [ [ 102.8580973, 24.8579545 ], [ 102.8581234, 24.8578569 ] ] } },
{ "type": "Feature", "properties": { "u": 6927081060, "v": 6924934566, "key": 0, "osmid": [ 739585526, 739797175, 739797176, 739797177, 739797178 ], "highway": "service", "oneway": false, "reversed": false, "length": 298.54318583577242, "name": null, "lanes": null, "maxspeed": null, "service": "parking_aisle", "tunnel": "building_passage" }, "geometry": { "type": "LineString", "coordinates": [ [ 102.8580973, 24.8579545 ], [ 102.8587112, 24.858086 ], [ 102.8586902, 24.8581547 ], [ 102.8586384, 24.8583525 ], [ 102.8582015, 24.8598965 ], [ 102.8581415, 24.8600877 ], [ 102.8581282, 24.8601311 ] ] } },
{ "type": "Feature", "properties": { "u": 6927081060, "v": 6957364926, "key": 0, "osmid": "743274811", "highway": "pedestrian", "oneway": false, "reversed": false, "length": 113.50066228476734, "name": null, "lanes": null, "maxspeed": null, "service": null, "tunnel": null }, "geometry": { "type": "LineString", "coordinates": [ [ 102.8580973, 24.8579545 ], [ 102.8580752, 24.858037 ], [ 102.8578318, 24.8589464 ] ] } },
{ "type": "Feature", "properties": { "u": 6957364926, "v": 3014050452, "key": 0, "osmid": "743274810", "highway": "pedestrian", "oneway": false, "reversed": true, "length": 166.86647255008344, "name": null, "lanes": null, "maxspeed": null, "service": null, "tunnel": null }, "geometry": { "type": "LineString", "coordinates": [ [ 102.8578318, 24.8589464 ], [ 102.8562397, 24.85854 ] ] } },
{ "type": "Feature", "properties": { "u": 6957364926, "v": 6957364927, "key": 0, "osmid": "743274811", "highway": "pedestrian", "oneway": false, "reversed": false, "length": 119.74800049941719, "name": null, "lanes": null, "maxspeed": null, "service": null, "tunnel": null }, "geometry": { "type": "LineString", "coordinates": [ [ 102.8578318, 24.8589464 ], [ 102.8575517, 24.8599929 ] ] } },
{ "type": "Feature", "properties": { "u": 6957364926, "v": 6927081060, "key": 0, "osmid": "743274811", "highway": "pedestrian", "oneway": false, "reversed": true, "length": 113.50066228476734, "name": null, "lanes": null, "maxspeed": null, "service": null, "tunnel": null }, "geometry": { "type": "LineString", "coordinates": [ [ 102.8578318, 24.8589464 ], [ 102.8580752, 24.858037 ], [ 102.8580973, 24.8579545 ] ] } },
{ "type": "Feature", "properties": { "u": 6957364927, "v": 6924934566, "key": 0, "osmid": "733145932", "highway": "service", "oneway": false, "reversed": false, "length": 60.159712011960487, "name": null, "lanes": null, "maxspeed": null, "service": null, "tunnel": null }, "geometry": { "type": "LineString", "coordinates": [ [ 102.8575517, 24.8599929 ], [ 102.8581282, 24.8601311 ] ] } },
{ "type": "Feature", "properties": { "u": 6957364927, "v": 3014050448, "key": 0, "osmid": "733145932", "highway": "service", "oneway": false, "reversed": true, "length": 167.40220784678692, "name": null, "lanes": null, "maxspeed": null, "service": null, "tunnel": null }, "geometry": { "type": "LineString", "coordinates": [ [ 102.8575517, 24.8599929 ], [ 102.8559475, 24.8596084 ] ] } },
{ "type": "Feature", "properties": { "u": 6957364927, "v": 6957364926, "key": 0, "osmid": "743274811", "highway": "pedestrian", "oneway": false, "reversed": true, "length": 119.74800049941719, "name": null, "lanes": null, "maxspeed": null, "service": null, "tunnel": null }, "geometry": { "type": "LineString", "coordinates": [ [ 102.8575517, 24.8599929 ], [ 102.8578318, 24.8589464 ] ] } },
{ "type": "Feature", "properties": { "u": 6990182670, "v": 2121846555, "key": 0, "osmid": "1160141406", "highway": "unclassified", "oneway": false, "reversed": false, "length": 14.628613522936272, "name": "致知南路", "lanes": null, "maxspeed": null, "service": null, "tunnel": null }, "geometry": { "type": "LineString", "coordinates": [ [ 102.8575235, 24.8536626 ], [ 102.8576632, 24.8536978 ] ] } },
{ "type": "Feature", "properties": { "u": 6990182670, "v": 6990182681, "key": 0, "osmid": "1160141406", "highway": "unclassified", "oneway": false, "reversed": true, "length": 64.280993748518185, "name": "致知南路", "lanes": null, "maxspeed": null, "service": null, "tunnel": null }, "geometry": { "type": "LineString", "coordinates": [ [ 102.8575235, 24.8536626 ], [ 102.8569097, 24.8535077 ] ] } },
{ "type": "Feature", "properties": { "u": 6990182670, "v": 6990182674, "key": 0, "osmid": "747034420", "highway": "footway", "oneway": false, "reversed": false, "length": 138.82946504713698, "name": null, "lanes": null, "maxspeed": null, "service": null, "tunnel": null }, "geometry": { "type": "LineString", "coordinates": [ [ 102.8575235, 24.8536626 ], [ 102.8573963, 24.8533157 ], [ 102.8573883, 24.8529092 ], [ 102.8573883, 24.8527681 ], [ 102.8575492, 24.8524663 ] ] } },
{ "type": "Feature", "properties": { "u": 6990182674, "v": 6990182675, "key": 0, "osmid": "747034420", "highway": "footway", "oneway": false, "reversed": false, "length": 67.6545499315162, "name": null, "lanes": null, "maxspeed": null, "service": null, "tunnel": null }, "geometry": { "type": "LineString", "coordinates": [ [ 102.8575492, 24.8524663 ], [ 102.8577852, 24.8518968 ] ] } },
{ "type": "Feature", "properties": { "u": 6990182674, "v": 6990182679, "key": 0, "osmid": "747034422", "highway": "footway", "oneway": false, "reversed": false, "length": 47.841437632555142, "name": null, "lanes": null, "maxspeed": null, "service": null, "tunnel": null }, "geometry": { "type": "LineString", "coordinates": [ [ 102.8575492, 24.8524663 ], [ 102.8570798, 24.8525271 ] ] } },
{ "type": "Feature", "properties": { "u": 6990182674, "v": 6990182670, "key": 0, "osmid": "747034420", "highway": "footway", "oneway": false, "reversed": true, "length": 138.82946504713701, "name": null, "lanes": null, "maxspeed": null, "service": null, "tunnel": null }, "geometry": { "type": "LineString", "coordinates": [ [ 102.8575492, 24.8524663 ], [ 102.8573883, 24.8527681 ], [ 102.8573883, 24.8529092 ], [ 102.8573963, 24.8533157 ], [ 102.8575235, 24.8536626 ] ] } },
{ "type": "Feature", "properties": { "u": 6990182675, "v": 6990182674, "key": 0, "osmid": "747034420", "highway": "footway", "oneway": false, "reversed": true, "length": 67.6545499315162, "name": null, "lanes": null, "maxspeed": null, "service": null, "tunnel": null }, "geometry": { "type": "LineString", "coordinates": [ [ 102.8577852, 24.8518968 ], [ 102.8575492, 24.8524663 ] ] } },
{ "type": "Feature", "properties": { "u": 6990182675, "v": 6990182678, "key": 0, "osmid": "747034421", "highway": "footway", "oneway": false, "reversed": false, "length": 46.614864688979374, "name": null, "lanes": null, "maxspeed": null, "service": null, "tunnel": null }, "geometry": { "type": "LineString", "coordinates": [ [ 102.8577852, 24.8518968 ], [ 102.8582279, 24.8517769 ] ] } },
{ "type": "Feature", "properties": { "u": 6990182675, "v": 6990182677, "key": 0, "osmid": "747034421", "highway": "footway", "oneway": false, "reversed": true, "length": 48.696041989803604, "name": null, "lanes": null, "maxspeed": null, "service": null, "tunnel": null }, "geometry": { "type": "LineString", "coordinates": [ [ 102.8577852, 24.8518968 ], [ 102.8573159, 24.851999 ] ] } },
{ "type": "Feature", "properties": { "u": 6990182676, "v": 6865484833, "key": 0, "osmid": "733145929", "highway": "service", "oneway": false, "reversed": false, "length": 20.982855919324962, "name": null, "lanes": null, "maxspeed": null, "service": null, "tunnel": null }, "geometry": { "type": "LineString", "coordinates": [ [ 102.8568735, 24.8521548 ], [ 102.8569268, 24.8519724 ] ] } },
{ "type": "Feature", "properties": { "u": 6990182676, "v": 6990182677, "key": 0, "osmid": "747034421", "highway": "footway", "oneway": false, "reversed": false, "length": 47.881232164974449, "name": null, "lanes": null, "maxspeed": null, "service": null, "tunnel": null }, "geometry": { "type": "LineString", "coordinates": [ [ 102.8568735, 24.8521548 ], [ 102.8573159, 24.851999 ] ] } },
{ "type": "Feature", "properties": { "u": 6990182676, "v": 6865484798, "key": 0, "osmid": "733145929", "highway": "service", "oneway": false, "reversed": true, "length": 36.981311094172611, "name": null, "lanes": null, "maxspeed": null, "service": null, "tunnel": null }, "geometry": { "type": "LineString", "coordinates": [ [ 102.8568735, 24.8521548 ], [ 102.8568234, 24.8523262 ], [ 102.8568139, 24.8523535 ], [ 102.8567812, 24.8524766 ] ] } },
{ "type": "Feature", "properties": { "u": 6990182677, "v": 6990182675, "key": 0, "osmid": "747034421", "highway": "footway", "oneway": false, "reversed": false, "length": 48.696041989803604, "name": null, "lanes": null, "maxspeed": null, "service": null, "tunnel": null }, "geometry": { "type": "LineString", "coordinates": [ [ 102.8573159, 24.851999 ], [ 102.8577852, 24.8518968 ] ] } },
{ "type": "Feature", "properties": { "u": 6990182677, "v": 6990182676, "key": 0, "osmid": "747034421", "highway": "footway", "oneway": false, "reversed": true, "length": 47.881232164974449, "name": null, "lanes": null, "maxspeed": null, "service": null, "tunnel": null }, "geometry": { "type": "LineString", "coordinates": [ [ 102.8573159, 24.851999 ], [ 102.8568735, 24.8521548 ] ] } },
{ "type": "Feature", "properties": { "u": 6990182677, "v": 6990182679, "key": 0, "osmid": "747034423", "highway": "footway", "oneway": false, "reversed": true, "length": 63.370136261401761, "name": null, "lanes": null, "maxspeed": null, "service": null, "tunnel": null }, "geometry": { "type": "LineString", "coordinates": [ [ 102.8573159, 24.851999 ], [ 102.8570798, 24.8525271 ] ] } },
{ "type": "Feature", "properties": { "u": 6990182677, "v": 6990182683, "key": 0, "osmid": "747034424", "highway": "steps", "oneway": false, "reversed": false, "length": 16.983136158929661, "name": null, "lanes": null, "maxspeed": null, "service": null, "tunnel": null }, "geometry": { "type": "LineString", "coordinates": [ [ 102.8573159, 24.851999 ], [ 102.8574017, 24.8518676 ] ] } },
{ "type": "Feature", "properties": { "u": 6990182678, "v": 2299408560, "key": 0, "osmid": "297512231", "highway": "unclassified", "oneway": false, "reversed": false, "length": 81.684455594337507, "name": "樱花大道", "lanes": null, "maxspeed": null, "service": null, "tunnel": null }, "geometry": { "type": "LineString", "coordinates": [ [ 102.8582279, 24.8517769 ], [ 102.8584365, 24.8510671 ] ] } },
{ "type": "Feature", "properties": { "u": 6990182678, "v": 2121846555, "key": 0, "osmid": "297512231", "highway": "unclassified", "oneway": false, "reversed": true, "length": 221.06338755550692, "name": "樱花大道", "lanes": null, "maxspeed": null, "service": null, "tunnel": null }, "geometry": { "type": "LineString", "coordinates": [ [ 102.8582279, 24.8517769 ], [ 102.8576632, 24.8536978 ] ] } },
{ "type": "Feature", "properties": { "u": 6990182678, "v": 6990182675, "key": 0, "osmid": "747034421", "highway": "footway", "oneway": false, "reversed": true, "length": 46.614864688979374, "name": null, "lanes": null, "maxspeed": null, "service": null, "tunnel": null }, "geometry": { "type": "LineString", "coordinates": [ [ 102.8582279, 24.8517769 ], [ 102.8577852, 24.8518968 ] ] } },
{ "type": "Feature", "properties": { "u": 6990182679, "v": 6990182680, "key": 0, "osmid": "747034422", "highway": "footway", "oneway": false, "reversed": false, "length": 34.308836242913927, "name": null, "lanes": null, "maxspeed": null, "service": null, "tunnel": null }, "geometry": { "type": "LineString", "coordinates": [ [ 102.8570798, 24.8525271 ], [ 102.8567473, 24.8525917 ] ] } },
{ "type": "Feature", "properties": { "u": 6990182679, "v": 6990182674, "key": 0, "osmid": "747034422", "highway": "footway", "oneway": false, "reversed": true, "length": 47.841437632555142, "name": null, "lanes": null, "maxspeed": null, "service": null, "tunnel": null }, "geometry": { "type": "LineString", "coordinates": [ [ 102.8570798, 24.8525271 ], [ 102.8575492, 24.8524663 ] ] } },
{ "type": "Feature", "properties": { "u": 6990182679, "v": 6990182677, "key": 0, "osmid": "747034423", "highway": "footway", "oneway": false, "reversed": false, "length": 63.370136261401761, "name": null, "lanes": null, "maxspeed": null, "service": null, "tunnel": null }, "geometry": { "type": "LineString", "coordinates": [ [ 102.8570798, 24.8525271 ], [ 102.8573159, 24.851999 ] ] } },
{ "type": "Feature", "properties": { "u": 6990182679, "v": 6990182681, "key": 0, "osmid": "747034423", "highway": "footway", "oneway": false, "reversed": true, "length": 110.43381955321252, "name": null, "lanes": null, "maxspeed": null, "service": null, "tunnel": null }, "geometry": { "type": "LineString", "coordinates": [ [ 102.8570798, 24.8525271 ], [ 102.8570047, 24.8528654 ], [ 102.8569097, 24.8535077 ] ] } },
{ "type": "Feature", "properties": { "u": 6990182680, "v": 6865484798, "key": 0, "osmid": "733145929", "highway": "service", "oneway": false, "reversed": false, "length": 13.247728737583449, "name": null, "lanes": null, "maxspeed": null, "service": null, "tunnel": null }, "geometry": { "type": "LineString", "coordinates": [ [ 102.8567473, 24.8525917 ], [ 102.8567812, 24.8524766 ] ] } },
{ "type": "Feature", "properties": { "u": 6990182680, "v": 6865484805, "key": 0, "osmid": "733145929", "highway": "service", "oneway": false, "reversed": true, "length": 93.749754570907641, "name": null, "lanes": null, "maxspeed": null, "service": null, "tunnel": null }, "geometry": { "type": "LineString", "coordinates": [ [ 102.8567473, 24.8525917 ], [ 102.8565073, 24.8534062 ] ] } },
{ "type": "Feature", "properties": { "u": 6990182680, "v": 6990182679, "key": 0, "osmid": "747034422", "highway": "footway", "oneway": false, "reversed": true, "length": 34.308836242913927, "name": null, "lanes": null, "maxspeed": null, "service": null, "tunnel": null }, "geometry": { "type": "LineString", "coordinates": [ [ 102.8567473, 24.8525917 ], [ 102.8570798, 24.8525271 ] ] } },
{ "type": "Feature", "properties": { "u": 6990182681, "v": 6990182670, "key": 0, "osmid": "1160141406", "highway": "unclassified", "oneway": false, "reversed": false, "length": 64.280993748518185, "name": "致知南路", "lanes": null, "maxspeed": null, "service": null, "tunnel": null }, "geometry": { "type": "LineString", "coordinates": [ [ 102.8569097, 24.8535077 ], [ 102.8575235, 24.8536626 ] ] } },
{ "type": "Feature", "properties": { "u": 6990182681, "v": 6865484805, "key": 0, "osmid": "1160141406", "highway": "unclassified", "oneway": false, "reversed": true, "length": 42.140390286478677, "name": "致知南路", "lanes": null, "maxspeed": null, "service": null, "tunnel": null }, "geometry": { "type": "LineString", "coordinates": [ [ 102.8569097, 24.8535077 ], [ 102.8565073, 24.8534062 ] ] } },
{ "type": "Feature", "properties": { "u": 6990182681, "v": 6990182679, "key": 0, "osmid": "747034423", "highway": "footway", "oneway": false, "reversed": false, "length": 110.43381955321252, "name": null, "lanes": null, "maxspeed": null, "service": null, "tunnel": null }, "geometry": { "type": "LineString", "coordinates": [ [ 102.8569097, 24.8535077 ], [ 102.8570047, 24.8528654 ], [ 102.8570798, 24.8525271 ] ] } },
{ "type": "Feature", "properties": { "u": 6990182683, "v": 6990182677, "key": 0, "osmid": "747034424", "highway": "steps", "oneway": false, "reversed": true, "length": 16.983136158929661, "name": null, "lanes": null, "maxspeed": null, "service": null, "tunnel": null }, "geometry": { "type": "LineString", "coordinates": [ [ 102.8574017, 24.8518676 ], [ 102.8573159, 24.851999 ] ] } },
{ "type": "Feature", "properties": { "u": 6990223586, "v": 2121846555, "key": 0, "osmid": "747034425", "highway": "track", "oneway": false, "reversed": true, "length": 166.20425681775663, "name": null, "lanes": null, "maxspeed": null, "service": null, "tunnel": null }, "geometry": { "type": "LineString", "coordinates": [ [ 102.859231, 24.8537927 ], [ 102.8581286, 24.8535688 ], [ 102.8578711, 24.8537221 ], [ 102.8576632, 24.8536978 ] ] } },
{ "type": "Feature", "properties": { "u": 6990223596, "v": 6990223597, "key": 0, "osmid": "747034428", "highway": "service", "oneway": false, "reversed": false, "length": 58.158211241094286, "name": null, "lanes": null, "maxspeed": null, "service": null, "tunnel": null }, "geometry": { "type": "LineString", "coordinates": [ [ 102.8548965, 24.8535639 ], [ 102.8550224, 24.8530535 ] ] } },
{ "type": "Feature", "properties": { "u": 6990223596, "v": 9040237946, "key": 0, "osmid": "747034428", "highway": "service", "oneway": false, "reversed": true, "length": 53.539791472931626, "name": null, "lanes": null, "maxspeed": null, "service": null, "tunnel": null }, "geometry": { "type": "LineString", "coordinates": [ [ 102.8548965, 24.8535639 ], [ 102.8543816, 24.8534475 ] ] } },
{ "type": "Feature", "properties": { "u": 6990223596, "v": 9040237933, "key": 0, "osmid": "976921087", "highway": "service", "oneway": false, "reversed": false, "length": 39.981092586835103, "name": null, "lanes": null, "maxspeed": null, "service": null, "tunnel": null }, "geometry": { "type": "LineString", "coordinates": [ [ 102.8548965, 24.8535639 ], [ 102.854766, 24.8539034 ] ] } },
{ "type": "Feature", "properties": { "u": 6990223597, "v": 6990223596, "key": 0, "osmid": "747034428", "highway": "service", "oneway": false, "reversed": true, "length": 58.158211241094286, "name": null, "lanes": null, "maxspeed": null, "service": null, "tunnel": null }, "geometry": { "type": "LineString", "coordinates": [ [ 102.8550224, 24.8530535 ], [ 102.8548965, 24.8535639 ] ] } },
{ "type": "Feature", "properties": { "u": 6990223597, "v": 9040237931, "key": 0, "osmid": "1160141406", "highway": "unclassified", "oneway": false, "reversed": false, "length": 24.989184725942966, "name": "致知南路", "lanes": null, "maxspeed": null, "service": null, "tunnel": null }, "geometry": { "type": "LineString", "coordinates": [ [ 102.8550224, 24.8530535 ], [ 102.855262, 24.8531104 ] ] } },
{ "type": "Feature", "properties": { "u": 6990223597, "v": 9040237943, "key": 0, "osmid": "1160141406", "highway": "unclassified", "oneway": false, "reversed": true, "length": 111.32548732916375, "name": "致知南路", "lanes": null, "maxspeed": null, "service": null, "tunnel": null }, "geometry": { "type": "LineString", "coordinates": [ [ 102.8550224, 24.8530535 ], [ 102.853955, 24.8528 ] ] } },
{ "type": "Feature", "properties": { "u": 6990223650, "v": 2299408567, "key": 0, "osmid": "297685607", "highway": "unclassified", "oneway": false, "reversed": true, "length": 137.2942439223919, "name": "明德大道南", "lanes": null, "maxspeed": null, "service": null, "tunnel": null }, "geometry": { "type": "LineString", "coordinates": [ [ 102.8542029, 24.8517927 ], [ 102.8531915, 24.8526187 ] ] } },
{ "type": "Feature", "properties": { "u": 6990223650, "v": 6865484853, "key": 0, "osmid": "297685607", "highway": "unclassified", "oneway": false, "reversed": false, "length": 166.28180450290333, "name": "明德大道南", "lanes": null, "maxspeed": null, "service": null, "tunnel": null }, "geometry": { "type": "LineString", "coordinates": [ [ 102.8542029, 24.8517927 ], [ 102.85448, 24.8515664 ], [ 102.8556538, 24.8511142 ] ] } },
{ "type": "Feature", "properties": { "u": 6990223650, "v": 6990223655, "key": 0, "osmid": "747034435", "highway": "service", "oneway": false, "reversed": false, "length": 350.08743402568581, "name": null, "lanes": null, "maxspeed": null, "service": null, "tunnel": null }, "geometry": { "type": "LineString", "coordinates": [ [ 102.8542029, 24.8517927 ], [ 102.8540141, 24.8515439 ], [ 102.8521365, 24.8510912 ], [ 102.8518254, 24.8509792 ], [ 102.8514874, 24.850765 ], [ 102.8512621, 24.8504146 ] ] } },
{ "type": "Feature", "properties": { "u": 6990223655, "v": 6990223650, "key": 0, "osmid": "747034435", "highway": "service", "oneway": false, "reversed": true, "length": 350.08743402568575, "name": null, "lanes": null, "maxspeed": null, "service": null, "tunnel": null }, "geometry": { "type": "LineString", "coordinates": [ [ 102.8512621, 24.8504146 ], [ 102.8514874, 24.850765 ], [ 102.8518254, 24.8509792 ], [ 102.8521365, 24.8510912 ], [ 102.8540141, 24.8515439 ], [ 102.8542029, 24.8517927 ] ] } },
{ "type": "Feature", "properties": { "u": 9040237931, "v": 9040237932, "key": 0, "osmid": "976921086", "highway": "service", "oneway": false, "reversed": true, "length": 97.520798398298311, "name": null, "lanes": null, "maxspeed": null, "service": null, "tunnel": null }, "geometry": { "type": "LineString", "coordinates": [ [ 102.855262, 24.8531104 ], [ 102.8549931, 24.8539528 ] ] } },
{ "type": "Feature", "properties": { "u": 9040237931, "v": 6865484805, "key": 0, "osmid": "1160141406", "highway": "unclassified", "oneway": false, "reversed": false, "length": 129.88081728005633, "name": "致知南路", "lanes": null, "maxspeed": null, "service": null, "tunnel": null }, "geometry": { "type": "LineString", "coordinates": [ [ 102.855262, 24.8531104 ], [ 102.8565073, 24.8534062 ] ] } },
{ "type": "Feature", "properties": { "u": 9040237931, "v": 6990223597, "key": 0, "osmid": "1160141406", "highway": "unclassified", "oneway": false, "reversed": true, "length": 24.989184725942966, "name": "致知南路", "lanes": null, "maxspeed": null, "service": null, "tunnel": null }, "geometry": { "type": "LineString", "coordinates": [ [ 102.855262, 24.8531104 ], [ 102.8550224, 24.8530535 ] ] } },
{ "type": "Feature", "properties": { "u": 9040237932, "v": 6865484821, "key": 0, "osmid": "733145935", "highway": "service", "oneway": false, "reversed": false, "length": 134.20429290234793, "name": null, "lanes": null, "maxspeed": null, "service": null, "tunnel": null }, "geometry": { "type": "LineString", "coordinates": [ [ 102.8549931, 24.8539528 ], [ 102.8562795, 24.8542597 ] ] } },
{ "type": "Feature", "properties": { "u": 9040237932, "v": 9040237933, "key": 0, "osmid": "733145935", "highway": "service", "oneway": false, "reversed": true, "length": 23.562804650570783, "name": null, "lanes": null, "maxspeed": null, "service": null, "tunnel": null }, "geometry": { "type": "LineString", "coordinates": [ [ 102.8549931, 24.8539528 ], [ 102.854766, 24.8539034 ] ] } },
{ "type": "Feature", "properties": { "u": 9040237932, "v": 9040237931, "key": 0, "osmid": "976921086", "highway": "service", "oneway": false, "reversed": false, "length": 97.520798398298311, "name": null, "lanes": null, "maxspeed": null, "service": null, "tunnel": null }, "geometry": { "type": "LineString", "coordinates": [ [ 102.8549931, 24.8539528 ], [ 102.855262, 24.8531104 ] ] } },
{ "type": "Feature", "properties": { "u": 9040237933, "v": 9040237932, "key": 0, "osmid": "733145935", "highway": "service", "oneway": false, "reversed": false, "length": 23.562804650570783, "name": null, "lanes": null, "maxspeed": null, "service": null, "tunnel": null }, "geometry": { "type": "LineString", "coordinates": [ [ 102.854766, 24.8539034 ], [ 102.8549931, 24.8539528 ] ] } },
{ "type": "Feature", "properties": { "u": 9040237933, "v": 9040237938, "key": 0, "osmid": "733145935", "highway": "service", "oneway": false, "reversed": true, "length": 52.259646710784331, "name": null, "lanes": null, "maxspeed": null, "service": null, "tunnel": null }, "geometry": { "type": "LineString", "coordinates": [ [ 102.854766, 24.8539034 ], [ 102.8542664, 24.8537794 ] ] } },
{ "type": "Feature", "properties": { "u": 9040237933, "v": 6990223596, "key": 0, "osmid": "976921087", "highway": "service", "oneway": false, "reversed": true, "length": 39.981092586835103, "name": null, "lanes": null, "maxspeed": null, "service": null, "tunnel": null }, "geometry": { "type": "LineString", "coordinates": [ [ 102.854766, 24.8539034 ], [ 102.8548965, 24.8535639 ] ] } },
{ "type": "Feature", "properties": { "u": 9040237933, "v": 6924934535, "key": 0, "osmid": "1408501736", "highway": "service", "oneway": false, "reversed": true, "length": 91.467816927970148, "name": null, "lanes": null, "maxspeed": null, "service": null, "tunnel": null }, "geometry": { "type": "LineString", "coordinates": [ [ 102.854766, 24.8539034 ], [ 102.8545081, 24.854692 ] ] } },
{ "type": "Feature", "properties": { "u": 9040237934, "v": 9040237946, "key": 0, "osmid": "747034428", "highway": "service", "oneway": false, "reversed": false, "length": 15.965670200938645, "name": null, "lanes": null, "maxspeed": null, "service": null, "tunnel": null }, "geometry": { "type": "LineString", "coordinates": [ [ 102.8544221, 24.8533087 ], [ 102.8543816, 24.8534475 ] ] } },
{ "type": "Feature", "properties": { "u": 9040237934, "v": 9040237935, "key": 0, "osmid": "976921088", "highway": "service", "oneway": false, "reversed": true, "length": 82.019435957744321, "name": null, "lanes": null, "maxspeed": null, "service": null, "tunnel": null }, "geometry": { "type": "LineString", "coordinates": [ [ 102.8544221, 24.8533087 ], [ 102.8536383, 24.8531131 ] ] } },
{ "type": "Feature", "properties": { "u": 9040237934, "v": 9040237943, "key": 0, "osmid": "747034428", "highway": "service", "oneway": false, "reversed": true, "length": 102.79341909565612, "name": null, "lanes": null, "maxspeed": null, "service": null, "tunnel": null }, "geometry": { "type": "LineString", "coordinates": [ [ 102.8544221, 24.8533087 ], [ 102.854472, 24.853138 ], [ 102.8538993, 24.8530054 ], [ 102.853955, 24.8528 ] ] } },
{ "type": "Feature", "properties": { "u": 9040237935, "v": 9040237934, "key": 0, "osmid": "976921088", "highway": "service", "oneway": false, "reversed": false, "length": 82.019435957744321, "name": null, "lanes": null, "maxspeed": null, "service": null, "tunnel": null }, "geometry": { "type": "LineString", "coordinates": [ [ 102.8536383, 24.8531131 ], [ 102.8544221, 24.8533087 ] ] } },
{ "type": "Feature", "properties": { "u": 9040237935, "v": 9040237936, "key": 0, "osmid": "976921092", "highway": "service", "oneway": false, "reversed": false, "length": 17.692479158411913, "name": null, "lanes": null, "maxspeed": null, "service": null, "tunnel": null }, "geometry": { "type": "LineString", "coordinates": [ [ 102.8536383, 24.8531131 ], [ 102.8535894, 24.8532659 ] ] } },
{ "type": "Feature", "properties": { "u": 9040237935, "v": 9040237942, "key": 0, "osmid": "976921092", "highway": "service", "oneway": false, "reversed": true, "length": 12.900219263965647, "name": null, "lanes": null, "maxspeed": null, "service": null, "tunnel": null }, "geometry": { "type": "LineString", "coordinates": [ [ 102.8536383, 24.8531131 ], [ 102.853674, 24.8530017 ] ] } },
{ "type": "Feature", "properties": { "u": 9040237936, "v": 9040237946, "key": 0, "osmid": "976921089", "highway": "service", "oneway": false, "reversed": false, "length": 82.441790871508061, "name": null, "lanes": null, "maxspeed": null, "service": null, "tunnel": null }, "geometry": { "type": "LineString", "coordinates": [ [ 102.8535894, 24.8532659 ], [ 102.8543816, 24.8534475 ] ] } },
{ "type": "Feature", "properties": { "u": 9040237936, "v": 9040237940, "key": 0, "osmid": "976921092", "highway": "service", "oneway": false, "reversed": false, "length": 18.019612133281893, "name": null, "lanes": null, "maxspeed": null, "service": null, "tunnel": null }, "geometry": { "type": "LineString", "coordinates": [ [ 102.8535894, 24.8532659 ], [ 102.8535395, 24.8534215 ] ] } },
{ "type": "Feature", "properties": { "u": 9040237936, "v": 9040237935, "key": 0, "osmid": "976921092", "highway": "service", "oneway": false, "reversed": true, "length": 17.692479158411913, "name": null, "lanes": null, "maxspeed": null, "service": null, "tunnel": null }, "geometry": { "type": "LineString", "coordinates": [ [ 102.8535894, 24.8532659 ], [ 102.8536383, 24.8531131 ] ] } },
{ "type": "Feature", "properties": { "u": 9040237938, "v": 9040237933, "key": 0, "osmid": "733145935", "highway": "service", "oneway": false, "reversed": false, "length": 52.259646710784331, "name": null, "lanes": null, "maxspeed": null, "service": null, "tunnel": null }, "geometry": { "type": "LineString", "coordinates": [ [ 102.8542664, 24.8537794 ], [ 102.854766, 24.8539034 ] ] } },
{ "type": "Feature", "properties": { "u": 9040237938, "v": 9040237941, "key": 0, "osmid": "733145935", "highway": "service", "oneway": false, "reversed": true, "length": 81.561458982773516, "name": null, "lanes": null, "maxspeed": null, "service": null, "tunnel": null }, "geometry": { "type": "LineString", "coordinates": [ [ 102.8542664, 24.8537794 ], [ 102.8534846, 24.8535929 ] ] } },
{ "type": "Feature", "properties": { "u": 9040237938, "v": 9040237939, "key": 0, "osmid": "976921090", "highway": "service", "oneway": false, "reversed": false, "length": 19.187763994910242, "name": null, "lanes": null, "maxspeed": null, "service": null, "tunnel": null }, "geometry": { "type": "LineString", "coordinates": [ [ 102.8542664, 24.8537794 ], [ 102.8543285, 24.8536163 ] ] } },
{ "type": "Feature", "properties": { "u": 9040237939, "v": 9040237946, "key": 0, "osmid": "976921090", "highway": "service", "oneway": false, "reversed": false, "length": 19.51939666091695, "name": null, "lanes": null, "maxspeed": null, "service": null, "tunnel": null }, "geometry": { "type": "LineString", "coordinates": [ [ 102.8543285, 24.8536163 ], [ 102.8543816, 24.8534475 ] ] } },
{ "type": "Feature", "properties": { "u": 9040237939, "v": 9040237938, "key": 0, "osmid": "976921090", "highway": "service", "oneway": false, "reversed": true, "length": 19.187763994910242, "name": null, "lanes": null, "maxspeed": null, "service": null, "tunnel": null }, "geometry": { "type": "LineString", "coordinates": [ [ 102.8543285, 24.8536163 ], [ 102.8542664, 24.8537794 ] ] } },
{ "type": "Feature", "properties": { "u": 9040237939, "v": 9040237940, "key": 0, "osmid": "976921091", "highway": "service", "oneway": false, "reversed": true, "length": 82.501843324162223, "name": null, "lanes": null, "maxspeed": null, "service": null, "tunnel": null }, "geometry": { "type": "LineString", "coordinates": [ [ 102.8543285, 24.8536163 ], [ 102.8535395, 24.8534215 ] ] } },
{ "type": "Feature", "properties": { "u": 9040237940, "v": 9040237939, "key": 0, "osmid": "976921091", "highway": "service", "oneway": false, "reversed": false, "length": 82.501843324162223, "name": null, "lanes": null, "maxspeed": null, "service": null, "tunnel": null }, "geometry": { "type": "LineString", "coordinates": [ [ 102.8535395, 24.8534215 ], [ 102.8543285, 24.8536163 ] ] } },
{ "type": "Feature", "properties": { "u": 9040237940, "v": 9040237941, "key": 0, "osmid": "976921092", "highway": "service", "oneway": false, "reversed": false, "length": 19.847478252644557, "name": null, "lanes": null, "maxspeed": null, "service": null, "tunnel": null }, "geometry": { "type": "LineString", "coordinates": [ [ 102.8535395, 24.8534215 ], [ 102.8534846, 24.8535929 ] ] } },
{ "type": "Feature", "properties": { "u": 9040237940, "v": 9040237936, "key": 0, "osmid": "976921092", "highway": "service", "oneway": false, "reversed": true, "length": 18.019612133281893, "name": null, "lanes": null, "maxspeed": null, "service": null, "tunnel": null }, "geometry": { "type": "LineString", "coordinates": [ [ 102.8535395, 24.8534215 ], [ 102.8535894, 24.8532659 ] ] } },
{ "type": "Feature", "properties": { "u": 9040237941, "v": 9040237938, "key": 0, "osmid": "733145935", "highway": "service", "oneway": false, "reversed": false, "length": 81.561458982773516, "name": null, "lanes": null, "maxspeed": null, "service": null, "tunnel": null }, "geometry": { "type": "LineString", "coordinates": [ [ 102.8534846, 24.8535929 ], [ 102.8542664, 24.8537794 ] ] } },
{ "type": "Feature", "properties": { "u": 9040237941, "v": 6865484804, "key": 0, "osmid": "733145935", "highway": "service", "oneway": false, "reversed": true, "length": 93.749368642060659, "name": null, "lanes": null, "maxspeed": null, "service": null, "tunnel": null }, "geometry": { "type": "LineString", "coordinates": [ [ 102.8534846, 24.8535929 ], [ 102.8525876, 24.853373 ] ] } },
{ "type": "Feature", "properties": { "u": 9040237941, "v": 9040237940, "key": 0, "osmid": "976921092", "highway": "service", "oneway": false, "reversed": true, "length": 19.847478252644557, "name": null, "lanes": null, "maxspeed": null, "service": null, "tunnel": null }, "geometry": { "type": "LineString", "coordinates": [ [ 102.8534846, 24.8535929 ], [ 102.8535395, 24.8534215 ] ] } },
{ "type": "Feature", "properties": { "u": 9040237942, "v": 9040237935, "key": 0, "osmid": "976921092", "highway": "service", "oneway": false, "reversed": false, "length": 12.900219263965647, "name": null, "lanes": null, "maxspeed": null, "service": null, "tunnel": null }, "geometry": { "type": "LineString", "coordinates": [ [ 102.853674, 24.8530017 ], [ 102.8536383, 24.8531131 ] ] } },
{ "type": "Feature", "properties": { "u": 9040237943, "v": 6990223597, "key": 0, "osmid": "1160141406", "highway": "unclassified", "oneway": false, "reversed": false, "length": 111.32548732916375, "name": "致知南路", "lanes": null, "maxspeed": null, "service": null, "tunnel": null }, "geometry": { "type": "LineString", "coordinates": [ [ 102.853955, 24.8528 ], [ 102.8550224, 24.8530535 ] ] } },
{ "type": "Feature", "properties": { "u": 9040237943, "v": 2299408567, "key": 0, "osmid": "1160141406", "highway": "unclassified", "oneway": false, "reversed": true, "length": 79.629353112577263, "name": "致知南路", "lanes": null, "maxspeed": null, "service": null, "tunnel": null }, "geometry": { "type": "LineString", "coordinates": [ [ 102.853955, 24.8528 ], [ 102.8531915, 24.8526187 ] ] } },
{ "type": "Feature", "properties": { "u": 9040237943, "v": 9040237934, "key": 0, "osmid": "747034428", "highway": "service", "oneway": false, "reversed": false, "length": 102.79341909565612, "name": null, "lanes": null, "maxspeed": null, "service": null, "tunnel": null }, "geometry": { "type": "LineString", "coordinates": [ [ 102.853955, 24.8528 ], [ 102.8538993, 24.8530054 ], [ 102.854472, 24.853138 ], [ 102.8544221, 24.8533087 ] ] } },
{ "type": "Feature", "properties": { "u": 9040237946, "v": 6990223596, "key": 0, "osmid": "747034428", "highway": "service", "oneway": false, "reversed": false, "length": 53.539791472931626, "name": null, "lanes": null, "maxspeed": null, "service": null, "tunnel": null }, "geometry": { "type": "LineString", "coordinates": [ [ 102.8543816, 24.8534475 ], [ 102.8548965, 24.8535639 ] ] } },
{ "type": "Feature", "properties": { "u": 9040237946, "v": 9040237934, "key": 0, "osmid": "747034428", "highway": "service", "oneway": false, "reversed": true, "length": 15.965670200938645, "name": null, "lanes": null, "maxspeed": null, "service": null, "tunnel": null }, "geometry": { "type": "LineString", "coordinates": [ [ 102.8543816, 24.8534475 ], [ 102.8544221, 24.8533087 ] ] } },
{ "type": "Feature", "properties": { "u": 9040237946, "v": 9040237936, "key": 0, "osmid": "976921089", "highway": "service", "oneway": false, "reversed": true, "length": 82.441790871508061, "name": null, "lanes": null, "maxspeed": null, "service": null, "tunnel": null }, "geometry": { "type": "LineString", "coordinates": [ [ 102.8543816, 24.8534475 ], [ 102.8535894, 24.8532659 ] ] } },
{ "type": "Feature", "properties": { "u": 9040237946, "v": 9040237939, "key": 0, "osmid": "976921090", "highway": "service", "oneway": false, "reversed": true, "length": 19.51939666091695, "name": null, "lanes": null, "maxspeed": null, "service": null, "tunnel": null }, "geometry": { "type": "LineString", "coordinates": [ [ 102.8543816, 24.8534475 ], [ 102.8543285, 24.8536163 ] ] } },
{ "type": "Feature", "properties": { "u": 9040237947, "v": 6924934526, "key": 0, "osmid": "739585519", "highway": "service", "oneway": false, "reversed": false, "length": 24.04513429888528, "name": null, "lanes": null, "maxspeed": null, "service": null, "tunnel": null }, "geometry": { "type": "LineString", "coordinates": [ [ 102.8538255, 24.8561328 ], [ 102.8538819, 24.8559227 ] ] } },
{ "type": "Feature", "properties": { "u": 9040237947, "v": 9040237960, "key": 0, "osmid": "739585519", "highway": "service", "oneway": false, "reversed": true, "length": 47.679841552172306, "name": null, "lanes": null, "maxspeed": null, "service": null, "tunnel": null }, "geometry": { "type": "LineString", "coordinates": [ [ 102.8538255, 24.8561328 ], [ 102.8537136, 24.8565494 ] ] } },
{ "type": "Feature", "properties": { "u": 9040237947, "v": 9040237948, "key": 0, "osmid": "976921093", "highway": "service", "oneway": false, "reversed": true, "length": 16.659238675041571, "name": null, "lanes": null, "maxspeed": null, "service": null, "tunnel": null }, "geometry": { "type": "LineString", "coordinates": [ [ 102.8538255, 24.8561328 ], [ 102.8536677, 24.8560887 ] ] } },
{ "type": "Feature", "properties": { "u": 9040237948, "v": 9040237947, "key": 0, "osmid": "976921093", "highway": "service", "oneway": false, "reversed": false, "length": 16.659238675041571, "name": null, "lanes": null, "maxspeed": null, "service": null, "tunnel": null }, "geometry": { "type": "LineString", "coordinates": [ [ 102.8536677, 24.8560887 ], [ 102.8538255, 24.8561328 ] ] } },
{ "type": "Feature", "properties": { "u": 9040237948, "v": 9040237949, "key": 0, "osmid": "976921097", "highway": "service", "oneway": false, "reversed": true, "length": 7.3432917425419575, "name": null, "lanes": null, "maxspeed": null, "service": null, "tunnel": null }, "geometry": { "type": "LineString", "coordinates": [ [ 102.8536677, 24.8560887 ], [ 102.8536481, 24.8561523 ] ] } },
{ "type": "Feature", "properties": { "u": 9040237948, "v": 9040237950, "key": 0, "osmid": [ 976921097, 976921099 ], "highway": "service", "oneway": false, "reversed": false, "length": 151.33781720735723, "name": null, "lanes": null, "maxspeed": null, "service": null, "tunnel": null }, "geometry": { "type": "LineString", "coordinates": [ [ 102.8536677, 24.8560887 ], [ 102.8536928, 24.8560074 ], [ 102.8524965, 24.8557251 ], [ 102.8524548, 24.8558754 ] ] } },
{ "type": "Feature", "properties": { "u": 9040237949, "v": 9040237950, "key": 0, "osmid": "976921094", "highway": "service", "oneway": false, "reversed": true, "length": 124.27238490589636, "name": null, "lanes": null, "maxspeed": null, "service": "parking_aisle", "tunnel": null }, "geometry": { "type": "LineString", "coordinates": [ [ 102.8536481, 24.8561523 ], [ 102.8524548, 24.8558754 ] ] } },
{ "type": "Feature", "properties": { "u": 9040237949, "v": 9040237948, "key": 0, "osmid": "976921097", "highway": "service", "oneway": false, "reversed": false, "length": 7.3432917425419575, "name": null, "lanes": null, "maxspeed": null, "service": null, "tunnel": null }, "geometry": { "type": "LineString", "coordinates": [ [ 102.8536481, 24.8561523 ], [ 102.8536677, 24.8560887 ] ] } },
{ "type": "Feature", "properties": { "u": 9040237949, "v": 9040237951, "key": 0, "osmid": "976921097", "highway": "service", "oneway": false, "reversed": true, "length": 19.593724383211978, "name": null, "lanes": null, "maxspeed": null, "service": null, "tunnel": null }, "geometry": { "type": "LineString", "coordinates": [ [ 102.8536481, 24.8561523 ], [ 102.8535958, 24.856322 ] ] } },
{ "type": "Feature", "properties": { "u": 9040237950, "v": 9040237949, "key": 0, "osmid": "976921094", "highway": "service", "oneway": false, "reversed": false, "length": 124.27238490589636, "name": null, "lanes": null, "maxspeed": null, "service": "parking_aisle", "tunnel": null }, "geometry": { "type": "LineString", "coordinates": [ [ 102.8524548, 24.8558754 ], [ 102.8536481, 24.8561523 ] ] } },
{ "type": "Feature", "properties": { "u": 9040237950, "v": 9040237952, "key": 0, "osmid": "976921099", "highway": "service", "oneway": false, "reversed": false, "length": 17.649358020632032, "name": null, "lanes": null, "maxspeed": null, "service": null, "tunnel": null }, "geometry": { "type": "LineString", "coordinates": [ [ 102.8524548, 24.8558754 ], [ 102.852412, 24.8560293 ] ] } },
{ "type": "Feature", "properties": { "u": 9040237950, "v": 9040237948, "key": 0, "osmid": [ 976921097, 976921099 ], "highway": "service", "oneway": false, "reversed": true, "length": 151.33781720735726, "name": null, "lanes": null, "maxspeed": null, "service": null, "tunnel": null }, "geometry": { "type": "LineString", "coordinates": [ [ 102.8524548, 24.8558754 ], [ 102.8524965, 24.8557251 ], [ 102.8536928, 24.8560074 ], [ 102.8536677, 24.8560887 ] ] } },
{ "type": "Feature", "properties": { "u": 9040237951, "v": 9040237952, "key": 0, "osmid": "976921095", "highway": "service", "oneway": false, "reversed": true, "length": 123.79410241998079, "name": null, "lanes": null, "maxspeed": null, "service": "parking_aisle", "tunnel": null }, "geometry": { "type": "LineString", "coordinates": [ [ 102.8535958, 24.856322 ], [ 102.852412, 24.8560293 ] ] } },
{ "type": "Feature", "properties": { "u": 9040237951, "v": 9040237949, "key": 0, "osmid": "976921097", "highway": "service", "oneway": false, "reversed": false, "length": 19.593724383211978, "name": null, "lanes": null, "maxspeed": null, "service": null, "tunnel": null }, "geometry": { "type": "LineString", "coordinates": [ [ 102.8535958, 24.856322 ], [ 102.8536481, 24.8561523 ] ] } },
{ "type": "Feature", "properties": { "u": 9040237951, "v": 9040237953, "key": 0, "osmid": "976921097", "highway": "service", "oneway": false, "reversed": true, "length": 15.865817617309677, "name": null, "lanes": null, "maxspeed": null, "service": null, "tunnel": null }, "geometry": { "type": "LineString", "coordinates": [ [ 102.8535958, 24.856322 ], [ 102.8535534, 24.8564594 ] ] } },
{ "type": "Feature", "properties": { "u": 9040237952, "v": 9040237951, "key": 0, "osmid": "976921095", "highway": "service", "oneway": false, "reversed": false, "length": 123.79410241998079, "name": null, "lanes": null, "maxspeed": null, "service": "parking_aisle", "tunnel": null }, "geometry": { "type": "LineString", "coordinates": [ [ 102.852412, 24.8560293 ], [ 102.8535958, 24.856322 ] ] } },
{ "type": "Feature", "properties": { "u": 9040237952, "v": 9040237954, "key": 0, "osmid": "976921099", "highway": "service", "oneway": false, "reversed": false, "length": 16.019634314427652, "name": null, "lanes": null, "maxspeed": null, "service": null, "tunnel": null }, "geometry": { "type": "LineString", "coordinates": [ [ 102.852412, 24.8560293 ], [ 102.8523732, 24.856169 ] ] } },
{ "type": "Feature", "properties": { "u": 9040237952, "v": 9040237950, "key": 0, "osmid": "976921099", "highway": "service", "oneway": false, "reversed": true, "length": 17.649358020632032, "name": null, "lanes": null, "maxspeed": null, "service": null, "tunnel": null }, "geometry": { "type": "LineString", "coordinates": [ [ 102.852412, 24.8560293 ], [ 102.8524548, 24.8558754 ] ] } },
{ "type": "Feature", "properties": { "u": 9040237953, "v": 9040237954, "key": 0, "osmid": "976921096", "highway": "service", "oneway": false, "reversed": true, "length": 123.37638474398749, "name": null, "lanes": null, "maxspeed": null, "service": "parking_aisle", "tunnel": null }, "geometry": { "type": "LineString", "coordinates": [ [ 102.8535534, 24.8564594 ], [ 102.8523732, 24.856169 ] ] } },
{ "type": "Feature", "properties": { "u": 9040237953, "v": 9040237951, "key": 0, "osmid": "976921097", "highway": "service", "oneway": false, "reversed": false, "length": 15.865817617309677, "name": null, "lanes": null, "maxspeed": null, "service": null, "tunnel": null }, "geometry": { "type": "LineString", "coordinates": [ [ 102.8535534, 24.8564594 ], [ 102.8535958, 24.856322 ] ] } },
{ "type": "Feature", "properties": { "u": 9040237953, "v": 9040237959, "key": 0, "osmid": "976921097", "highway": "service", "oneway": false, "reversed": true, "length": 5.5664471458663352, "name": null, "lanes": null, "maxspeed": null, "service": null, "tunnel": null }, "geometry": { "type": "LineString", "coordinates": [ [ 102.8535534, 24.8564594 ], [ 102.8535385, 24.8565076 ] ] } },
{ "type": "Feature", "properties": { "u": 9040237954, "v": 9040237953, "key": 0, "osmid": "976921096", "highway": "service", "oneway": false, "reversed": false, "length": 123.37638474398749, "name": null, "lanes": null, "maxspeed": null, "service": "parking_aisle", "tunnel": null }, "geometry": { "type": "LineString", "coordinates": [ [ 102.8523732, 24.856169 ], [ 102.8535534, 24.8564594 ] ] } },
{ "type": "Feature", "properties": { "u": 9040237954, "v": 9040237952, "key": 0, "osmid": "976921099", "highway": "service", "oneway": false, "reversed": true, "length": 16.019634314427652, "name": null, "lanes": null, "maxspeed": null, "service": null, "tunnel": null }, "geometry": { "type": "LineString", "coordinates": [ [ 102.8523732, 24.856169 ], [ 102.852412, 24.8560293 ] ] } },
{ "type": "Feature", "properties": { "u": 9040237954, "v": 9040237959, "key": 0, "osmid": [ 976921098, 976921099 ], "highway": "service", "oneway": false, "reversed": false, "length": 152.45462824681829, "name": null, "lanes": null, "maxspeed": null, "service": null, "tunnel": null }, "geometry": { "type": "LineString", "coordinates": [ [ 102.8523732, 24.856169 ], [ 102.8523302, 24.8563238 ], [ 102.8534996, 24.8566134 ], [ 102.8535385, 24.8565076 ] ] } },
{ "type": "Feature", "properties": { "u": 9040237959, "v": 9040237953, "key": 0, "osmid": "976921097", "highway": "service", "oneway": false, "reversed": false, "length": 5.5664471458663352, "name": null, "lanes": null, "maxspeed": null, "service": null, "tunnel": null }, "geometry": { "type": "LineString", "coordinates": [ [ 102.8535385, 24.8565076 ], [ 102.8535534, 24.8564594 ] ] } },
{ "type": "Feature", "properties": { "u": 9040237959, "v": 9040237960, "key": 0, "osmid": "976921100", "highway": "service", "oneway": false, "reversed": true, "length": 18.267789131535956, "name": null, "lanes": null, "maxspeed": null, "service": null, "tunnel": null }, "geometry": { "type": "LineString", "coordinates": [ [ 102.8535385, 24.8565076 ], [ 102.8537136, 24.8565494 ] ] } },
{ "type": "Feature", "properties": { "u": 9040237959, "v": 9040237954, "key": 0, "osmid": [ 976921098, 976921099 ], "highway": "service", "oneway": false, "reversed": true, "length": 152.45462824681829, "name": null, "lanes": null, "maxspeed": null, "service": null, "tunnel": null }, "geometry": { "type": "LineString", "coordinates": [ [ 102.8535385, 24.8565076 ], [ 102.8534996, 24.8566134 ], [ 102.8523302, 24.8563238 ], [ 102.8523732, 24.856169 ] ] } },
{ "type": "Feature", "properties": { "u": 9040237960, "v": 9040237947, "key": 0, "osmid": "739585519", "highway": "service", "oneway": false, "reversed": false, "length": 47.679841552172306, "name": null, "lanes": null, "maxspeed": null, "service": null, "tunnel": null }, "geometry": { "type": "LineString", "coordinates": [ [ 102.8537136, 24.8565494 ], [ 102.8538255, 24.8561328 ] ] } },
{ "type": "Feature", "properties": { "u": 9040237960, "v": 3014050874, "key": 0, "osmid": "739585519", "highway": "service", "oneway": false, "reversed": true, "length": 28.176851128731425, "name": null, "lanes": null, "maxspeed": null, "service": null, "tunnel": null }, "geometry": { "type": "LineString", "coordinates": [ [ 102.8537136, 24.8565494 ], [ 102.8536475, 24.8567956 ] ] } },
{ "type": "Feature", "properties": { "u": 9040237960, "v": 9040237959, "key": 0, "osmid": "976921100", "highway": "service", "oneway": false, "reversed": false, "length": 18.267789131535956, "name": null, "lanes": null, "maxspeed": null, "service": null, "tunnel": null }, "geometry": { "type": "LineString", "coordinates": [ [ 102.8537136, 24.8565494 ], [ 102.8535385, 24.8565076 ] ] } },
{ "type": "Feature", "properties": { "u": 10789523357, "v": 3015753442, "key": 0, "osmid": "220860817", "highway": "tertiary", "oneway": false, "reversed": true, "length": 10.82626456833875, "name": "毓秀路", "lanes": null, "maxspeed": null, "service": null, "tunnel": null }, "geometry": { "type": "LineString", "coordinates": [ [ 102.8503763, 24.8521945 ], [ 102.8502736, 24.8522227 ] ] } },
{ "type": "Feature", "properties": { "u": 10789523357, "v": 13778523873, "key": 0, "osmid": "1491418804", "highway": "tertiary", "oneway": false, "reversed": false, "length": 16.77294058212647, "name": "景明南路", "lanes": "3", "maxspeed": null, "service": null, "tunnel": null }, "geometry": { "type": "LineString", "coordinates": [ [ 102.8503763, 24.8521945 ], [ 102.8504258, 24.8523385 ] ] } },
{ "type": "Feature", "properties": { "u": 10789523357, "v": 13778523869, "key": 0, "osmid": "1491418804", "highway": "tertiary", "oneway": false, "reversed": true, "length": 21.931350996393903, "name": "景明南路", "lanes": "3", "maxspeed": null, "service": null, "tunnel": null }, "geometry": { "type": "LineString", "coordinates": [ [ 102.8503763, 24.8521945 ], [ 102.8503092, 24.8520069 ] ] } },
{ "type": "Feature", "properties": { "u": 10789523357, "v": 13778523871, "key": 0, "osmid": "220860817", "highway": "tertiary", "oneway": false, "reversed": false, "length": 19.75931709561489, "name": "毓秀路", "lanes": null, "maxspeed": null, "service": null, "tunnel": null }, "geometry": { "type": "LineString", "coordinates": [ [ 102.8503763, 24.8521945 ], [ 102.8504671, 24.8521606 ], [ 102.8505579, 24.852128 ] ] } },
{ "type": "Feature", "properties": { "u": 10789523358, "v": 3049561131, "key": 0, "osmid": "297512229", "highway": "unclassified", "oneway": false, "reversed": true, "length": 10.933966140813313, "name": "致知北路", "lanes": null, "maxspeed": null, "service": null, "tunnel": null }, "geometry": { "type": "LineString", "coordinates": [ [ 102.8507891, 24.8561351 ], [ 102.8506825, 24.8561174 ] ] } },
{ "type": "Feature", "properties": { "u": 10789523358, "v": 2121845906, "key": 0, "osmid": "297512229", "highway": "unclassified", "oneway": false, "reversed": false, "length": 101.18773456186851, "name": "致知北路", "lanes": null, "maxspeed": null, "service": null, "tunnel": null }, "geometry": { "type": "LineString", "coordinates": [ [ 102.8507891, 24.8561351 ], [ 102.8508634, 24.8561474 ], [ 102.8510318, 24.8561754 ], [ 102.8517634, 24.8563489 ] ] } },
{ "type": "Feature", "properties": { "u": 10789523358, "v": 6242640682, "key": 0, "osmid": "1491418804", "highway": "tertiary", "oneway": false, "reversed": false, "length": 459.63471250903575, "name": "景明南路", "lanes": "3", "maxspeed": null, "service": null, "tunnel": null }, "geometry": { "type": "LineString", "coordinates": [ [ 102.8507891, 24.8561351 ], [ 102.8507733, 24.8562726 ], [ 102.8507042, 24.8567124 ], [ 102.8506148, 24.857135 ], [ 102.8504652, 24.8577248 ], [ 102.850273, 24.8583892 ], [ 102.8500755, 24.859083 ], [ 102.8499085, 24.8597381 ], [ 102.8498162, 24.8600383 ], [ 102.8497833, 24.8601628 ] ] } },
{ "type": "Feature", "properties": { "u": 10789523358, "v": 2121845948, "key": 0, "osmid": "1491418804", "highway": "tertiary", "oneway": false, "reversed": true, "length": 165.06079790114339, "name": "景明南路", "lanes": "3", "maxspeed": null, "service": null, "tunnel": null }, "geometry": { "type": "LineString", "coordinates": [ [ 102.8507891, 24.8561351 ], [ 102.8508085, 24.8559671 ], [ 102.8508452, 24.8554284 ], [ 102.8508411, 24.8549082 ], [ 102.8508283, 24.8546529 ] ] } },
{ "type": "Feature", "properties": { "u": 12944195125, "v": 6902604111, "key": 0, "osmid": "737280313", "highway": "footway", "oneway": false, "reversed": false, "length": 85.970390735829639, "name": null, "lanes": null, "maxspeed": null, "service": null, "tunnel": null }, "geometry": { "type": "LineString", "coordinates": [ [ 102.8534409, 24.8549963 ], [ 102.8526225, 24.8547811 ] ] } },
{ "type": "Feature", "properties": { "u": 12944195125, "v": 6924934536, "key": 0, "osmid": "737280313", "highway": "footway", "oneway": false, "reversed": true, "length": 96.991186354695913, "name": null, "lanes": null, "maxspeed": null, "service": null, "tunnel": null }, "geometry": { "type": "LineString", "coordinates": [ [ 102.8534409, 24.8549963 ], [ 102.8543768, 24.8551955 ] ] } },
{ "type": "Feature", "properties": { "u": 12944195125, "v": 12944195126, "key": 0, "osmid": "1408501735", "highway": "service", "oneway": false, "reversed": false, "length": 59.816012047848368, "name": null, "lanes": null, "maxspeed": null, "service": null, "tunnel": null }, "geometry": { "type": "LineString", "coordinates": [ [ 102.8534409, 24.8549963 ], [ 102.8536012, 24.8544784 ] ] } },
{ "type": "Feature", "properties": { "u": 12944195125, "v": 6924934530, "key": 0, "osmid": "1408501735", "highway": "service", "oneway": false, "reversed": true, "length": 89.000230162388078, "name": null, "lanes": null, "maxspeed": null, "service": null, "tunnel": null }, "geometry": { "type": "LineString", "coordinates": [ [ 102.8534409, 24.8549963 ], [ 102.8532226, 24.8557718 ] ] } },
{ "type": "Feature", "properties": { "u": 12944195126, "v": 6924934539, "key": 0, "osmid": "739585522", "highway": "footway", "oneway": false, "reversed": false, "length": 80.48481995601783, "name": null, "lanes": null, "maxspeed": null, "service": null, "tunnel": null }, "geometry": { "type": "LineString", "coordinates": [ [ 102.8536012, 24.8544784 ], [ 102.8528291, 24.8542965 ] ] } },
{ "type": "Feature", "properties": { "u": 12944195126, "v": 6924934535, "key": 0, "osmid": "739585522", "highway": "footway", "oneway": false, "reversed": true, "length": 94.534813027359959, "name": null, "lanes": null, "maxspeed": null, "service": null, "tunnel": null }, "geometry": { "type": "LineString", "coordinates": [ [ 102.8536012, 24.8544784 ], [ 102.8545081, 24.854692 ] ] } },
{ "type": "Feature", "properties": { "u": 12944195126, "v": 12944195125, "key": 0, "osmid": "1408501735", "highway": "service", "oneway": false, "reversed": true, "length": 59.816012047848368, "name": null, "lanes": null, "maxspeed": null, "service": null, "tunnel": null }, "geometry": { "type": "LineString", "coordinates": [ [ 102.8536012, 24.8544784 ], [ 102.8534409, 24.8549963 ] ] } },
{ "type": "Feature", "properties": { "u": 12944195128, "v": 3733236468, "key": 0, "osmid": "297512263", "highway": "path", "oneway": false, "reversed": false, "length": 24.248756103007551, "name": null, "lanes": null, "maxspeed": null, "service": null, "tunnel": null }, "geometry": { "type": "LineString", "coordinates": [ [ 102.8562072, 24.8567262 ], [ 102.8561488, 24.8567006 ], [ 102.8559741, 24.8567156 ] ] } },
{ "type": "Feature", "properties": { "u": 12944195128, "v": 3014050686, "key": 0, "osmid": "297512263", "highway": "path", "oneway": false, "reversed": true, "length": 74.185201483006281, "name": null, "lanes": null, "maxspeed": null, "service": null, "tunnel": null }, "geometry": { "type": "LineString", "coordinates": [ [ 102.8562072, 24.8567262 ], [ 102.8563275, 24.8567789 ], [ 102.8563953, 24.856997 ], [ 102.8564692, 24.8571423 ], [ 102.8566358, 24.8571926 ] ] } },
{ "type": "Feature", "properties": { "u": 12944195128, "v": 12944195132, "key": 0, "osmid": "1408501737", "highway": "path", "oneway": false, "reversed": false, "length": 32.518621812987426, "name": null, "lanes": null, "maxspeed": null, "service": null, "tunnel": null }, "geometry": { "type": "LineString", "coordinates": [ [ 102.8562072, 24.8567262 ], [ 102.8561896, 24.8566517 ], [ 102.8561403, 24.8565762 ], [ 102.856128, 24.856551 ], [ 102.8561752, 24.8564596 ] ] } },
{ "type": "Feature", "properties": { "u": 12944195132, "v": 3014050685, "key": 0, "osmid": "739585520", "highway": "service", "oneway": false, "reversed": false, "length": 16.347376256347317, "name": null, "lanes": null, "maxspeed": null, "service": null, "tunnel": null }, "geometry": { "type": "LineString", "coordinates": [ [ 102.8561752, 24.8564596 ], [ 102.8560188, 24.8564212 ] ] } },
{ "type": "Feature", "properties": { "u": 12944195132, "v": 6924934527, "key": 0, "osmid": "739585520", "highway": "service", "oneway": false, "reversed": true, "length": 65.90734208774964, "name": null, "lanes": null, "maxspeed": null, "service": null, "tunnel": null }, "geometry": { "type": "LineString", "coordinates": [ [ 102.8561752, 24.8564596 ], [ 102.8568057, 24.8566146 ] ] } },
{ "type": "Feature", "properties": { "u": 12944195132, "v": 12944195128, "key": 0, "osmid": "1408501737", "highway": "path", "oneway": false, "reversed": true, "length": 32.518621812987426, "name": null, "lanes": null, "maxspeed": null, "service": null, "tunnel": null }, "geometry": { "type": "LineString", "coordinates": [ [ 102.8561752, 24.8564596 ], [ 102.856128, 24.856551 ], [ 102.8561403, 24.8565762 ], [ 102.8561896, 24.8566517 ], [ 102.8562072, 24.8567262 ] ] } },
{ "type": "Feature", "properties": { "u": 13068202089, "v": 6902604072, "key": 0, "osmid": "737280307", "highway": "residential", "oneway": false, "reversed": false, "length": 99.89333974493313, "name": null, "lanes": null, "maxspeed": null, "service": null, "tunnel": null }, "geometry": { "type": "LineString", "coordinates": [ [ 102.8604279, 24.8572444 ], [ 102.8606762, 24.8564422 ], [ 102.8606956, 24.8563795 ] ] } },
{ "type": "Feature", "properties": { "u": 13068202089, "v": 6902604073, "key": 0, "osmid": "737280307", "highway": "residential", "oneway": false, "reversed": true, "length": 296.77202642189911, "name": null, "lanes": null, "maxspeed": null, "service": null, "tunnel": null }, "geometry": { "type": "LineString", "coordinates": [ [ 102.8604279, 24.8572444 ], [ 102.8601295, 24.8582084 ], [ 102.8599203, 24.8588315 ], [ 102.8599042, 24.8590748 ], [ 102.8599846, 24.8593766 ], [ 102.8599256, 24.8597563 ], [ 102.859902, 24.8598319 ] ] } },
{ "type": "Feature", "properties": { "u": 13778523868, "v": 3015753442, "key": 0, "osmid": "1491398482", "highway": "tertiary", "oneway": false, "reversed": true, "length": 21.867306995593555, "name": "景明南路", "lanes": "3", "maxspeed": null, "service": null, "tunnel": null }, "geometry": { "type": "LineString", "coordinates": [ [ 102.8502072, 24.8520355 ], [ 102.8502736, 24.8522227 ] ] } },
{ "type": "Feature", "properties": { "u": 13778523868, "v": 13778523869, "key": 0, "osmid": "1506405642", "highway": "footway", "oneway": false, "reversed": false, "length": 10.771745320460292, "name": null, "lanes": null, "maxspeed": null, "service": null, "tunnel": null }, "geometry": { "type": "LineString", "coordinates": [ [ 102.8502072, 24.8520355 ], [ 102.8503092, 24.8520069 ] ] } },
{ "type": "Feature", "properties": { "u": 13778523868, "v": 13778523876, "key": 0, "osmid": "1506405642", "highway": "footway", "oneway": false, "reversed": true, "length": 42.802461330963652, "name": null, "lanes": null, "maxspeed": null, "service": null, "tunnel": null }, "geometry": { "type": "LineString", "coordinates": [ [ 102.8502072, 24.8520355 ], [ 102.8501113, 24.8520647 ], [ 102.8499987, 24.8520951 ], [ 102.8500227, 24.8521608 ], [ 102.8500567, 24.852274 ] ] } },
{ "type": "Feature", "properties": { "u": 13778523869, "v": 10789523357, "key": 0, "osmid": "1491418804", "highway": "tertiary", "oneway": false, "reversed": false, "length": 21.931350996393903, "name": "景明南路", "lanes": "3", "maxspeed": null, "service": null, "tunnel": null }, "geometry": { "type": "LineString", "coordinates": [ [ 102.8503092, 24.8520069 ], [ 102.8503763, 24.8521945 ] ] } },
{ "type": "Feature", "properties": { "u": 13778523869, "v": 13778523868, "key": 0, "osmid": "1506405642", "highway": "footway", "oneway": false, "reversed": true, "length": 10.771745320460292, "name": null, "lanes": null, "maxspeed": null, "service": null, "tunnel": null }, "geometry": { "type": "LineString", "coordinates": [ [ 102.8503092, 24.8520069 ], [ 102.8502072, 24.8520355 ] ] } },
{ "type": "Feature", "properties": { "u": 13778523869, "v": 13778523871, "key": 0, "osmid": "1506405642", "highway": "footway", "oneway": false, "reversed": false, "length": 41.270017444818876, "name": null, "lanes": null, "maxspeed": null, "service": null, "tunnel": null }, "geometry": { "type": "LineString", "coordinates": [ [ 102.8503092, 24.8520069 ], [ 102.8503997, 24.8519795 ], [ 102.8505023, 24.8519485 ], [ 102.8505579, 24.852128 ] ] } },
{ "type": "Feature", "properties": { "u": 13778523871, "v": 2299408567, "key": 0, "osmid": [ 220860817, 1160141406 ], "highway": [ "tertiary", "unclassified" ], "oneway": false, "reversed": false, "length": 273.36624347649234, "name": [ "毓秀路", "致知南路" ], "lanes": null, "maxspeed": null, "service": null, "tunnel": null }, "geometry": { "type": "LineString", "coordinates": [ [ 102.8505579, 24.852128 ], [ 102.8506083, 24.8521108 ], [ 102.8507071, 24.8520952 ], [ 102.8508005, 24.8520912 ], [ 102.8509084, 24.852102 ], [ 102.8511253, 24.8521449 ], [ 102.8531915, 24.8526187 ] ] } },
{ "type": "Feature", "properties": { "u": 13778523871, "v": 10789523357, "key": 0, "osmid": "220860817", "highway": "tertiary", "oneway": false, "reversed": true, "length": 19.75931709561489, "name": "毓秀路", "lanes": null, "maxspeed": null, "service": null, "tunnel": null }, "geometry": { "type": "LineString", "coordinates": [ [ 102.8505579, 24.852128 ], [ 102.8504671, 24.8521606 ], [ 102.8503763, 24.8521945 ] ] } },
{ "type": "Feature", "properties": { "u": 13778523871, "v": 13778523873, "key": 0, "osmid": "1506405642", "highway": "footway", "oneway": false, "reversed": false, "length": 37.623393785770574, "name": null, "lanes": null, "maxspeed": null, "service": null, "tunnel": null }, "geometry": { "type": "LineString", "coordinates": [ [ 102.8505579, 24.852128 ], [ 102.8506076, 24.8522874 ], [ 102.8505224, 24.8523111 ], [ 102.8504258, 24.8523385 ] ] } },
{ "type": "Feature", "properties": { "u": 13778523871, "v": 13778523869, "key": 0, "osmid": "1506405642", "highway": "footway", "oneway": false, "reversed": true, "length": 41.270017444818876, "name": null, "lanes": null, "maxspeed": null, "service": null, "tunnel": null }, "geometry": { "type": "LineString", "coordinates": [ [ 102.8505579, 24.852128 ], [ 102.8505023, 24.8519485 ], [ 102.8503997, 24.8519795 ], [ 102.8503092, 24.8520069 ] ] } },
{ "type": "Feature", "properties": { "u": 13778523873, "v": 10789523357, "key": 0, "osmid": "1491418804", "highway": "tertiary", "oneway": false, "reversed": true, "length": 16.77294058212647, "name": "景明南路", "lanes": "3", "maxspeed": null, "service": null, "tunnel": null }, "geometry": { "type": "LineString", "coordinates": [ [ 102.8504258, 24.8523385 ], [ 102.8503763, 24.8521945 ] ] } },
{ "type": "Feature", "properties": { "u": 13778523873, "v": 13778523874, "key": 0, "osmid": "1506405642", "highway": "footway", "oneway": false, "reversed": false, "length": 10.810170063504353, "name": null, "lanes": null, "maxspeed": null, "service": null, "tunnel": null }, "geometry": { "type": "LineString", "coordinates": [ [ 102.8504258, 24.8523385 ], [ 102.8503232, 24.8523665 ] ] } },
{ "type": "Feature", "properties": { "u": 13778523873, "v": 2121845948, "key": 0, "osmid": "1491418804", "highway": "tertiary", "oneway": false, "reversed": false, "length": 261.21981162790053, "name": "景明南路", "lanes": "3", "maxspeed": null, "service": null, "tunnel": null }, "geometry": { "type": "LineString", "coordinates": [ [ 102.8504258, 24.8523385 ], [ 102.8504427, 24.8523832 ], [ 102.8506175, 24.8530422 ], [ 102.8507287, 24.8535873 ], [ 102.8507923, 24.8541446 ], [ 102.8508127, 24.8543425 ], [ 102.8508283, 24.8546529 ] ] } },
{ "type": "Feature", "properties": { "u": 13778523873, "v": 13778523871, "key": 0, "osmid": "1506405642", "highway": "footway", "oneway": false, "reversed": true, "length": 37.623393785770574, "name": null, "lanes": null, "maxspeed": null, "service": null, "tunnel": null }, "geometry": { "type": "LineString", "coordinates": [ [ 102.8504258, 24.8523385 ], [ 102.8505224, 24.8523111 ], [ 102.8506076, 24.8522874 ], [ 102.8505579, 24.852128 ] ] } },
{ "type": "Feature", "properties": { "u": 13778523874, "v": 3015753442, "key": 0, "osmid": "1491398482", "highway": "tertiary", "oneway": false, "reversed": false, "length": 16.754722320838205, "name": "景明南路", "lanes": "3", "maxspeed": null, "service": null, "tunnel": null }, "geometry": { "type": "LineString", "coordinates": [ [ 102.8503232, 24.8523665 ], [ 102.8502736, 24.8522227 ] ] } },
{ "type": "Feature", "properties": { "u": 13778523874, "v": 13778523873, "key": 0, "osmid": "1506405642", "highway": "footway", "oneway": false, "reversed": true, "length": 10.810170063504353, "name": null, "lanes": null, "maxspeed": null, "service": null, "tunnel": null }, "geometry": { "type": "LineString", "coordinates": [ [ 102.8503232, 24.8523665 ], [ 102.8504258, 24.8523385 ] ] } },
{ "type": "Feature", "properties": { "u": 13778523874, "v": 2186670406, "key": 0, "osmid": "1491398482", "highway": "tertiary", "oneway": false, "reversed": true, "length": 201.03448192786075, "name": "景明南路", "lanes": "3", "maxspeed": null, "service": null, "tunnel": null }, "geometry": { "type": "LineString", "coordinates": [ [ 102.8503232, 24.8523665 ], [ 102.8503387, 24.8524103 ], [ 102.8505117, 24.8530626 ], [ 102.850619, 24.8535907 ], [ 102.850682, 24.854103 ], [ 102.8506856, 24.8541414 ] ] } },
{ "type": "Feature", "properties": { "u": 13778523874, "v": 13778523876, "key": 0, "osmid": "1506405642", "highway": "footway", "oneway": false, "reversed": false, "length": 40.801289707297165, "name": null, "lanes": null, "maxspeed": null, "service": null, "tunnel": null }, "geometry": { "type": "LineString", "coordinates": [ [ 102.8503232, 24.8523665 ], [ 102.8502228, 24.8523936 ], [ 102.8500986, 24.8524243 ], [ 102.8500934, 24.8523999 ], [ 102.8500567, 24.852274 ] ] } },
{ "type": "Feature", "properties": { "u": 13778523876, "v": 3015753442, "key": 0, "osmid": "220860817", "highway": "tertiary", "oneway": false, "reversed": false, "length": 22.620952672834683, "name": "毓秀路", "lanes": null, "maxspeed": null, "service": null, "tunnel": null }, "geometry": { "type": "LineString", "coordinates": [ [ 102.8500567, 24.852274 ], [ 102.8501772, 24.8522477 ], [ 102.8502736, 24.8522227 ] ] } },
{ "type": "Feature", "properties": { "u": 13778523876, "v": 13778523868, "key": 0, "osmid": "1506405642", "highway": "footway", "oneway": false, "reversed": false, "length": 42.802461330963652, "name": null, "lanes": null, "maxspeed": null, "service": null, "tunnel": null }, "geometry": { "type": "LineString", "coordinates": [ [ 102.8500567, 24.852274 ], [ 102.8500227, 24.8521608 ], [ 102.8499987, 24.8520951 ], [ 102.8501113, 24.8520647 ], [ 102.8502072, 24.8520355 ] ] } },
{ "type": "Feature", "properties": { "u": 13778523876, "v": 13778523874, "key": 0, "osmid": "1506405642", "highway": "footway", "oneway": false, "reversed": true, "length": 40.801289707297165, "name": null, "lanes": null, "maxspeed": null, "service": null, "tunnel": null }, "geometry": { "type": "LineString", "coordinates": [ [ 102.8500567, 24.852274 ], [ 102.8500934, 24.8523999 ], [ 102.8500986, 24.8524243 ], [ 102.8502228, 24.8523936 ], [ 102.8503232, 24.8523665 ] ] } }
]
}
